# MagicaVoxel @ Ephtracy

# group
o 

# material
mtllib fall_guys_1.mtl
usemtl palette

# normals
vn -1 0 0
vn 1 0 0
vn 0 0 1
vn 0 0 -1
vn 0 -1 0
vn 0 1 0

# texcoords
vt 0.376953 0.5
vt 0.427734 0.5
vt 0.583984 0.5
vt 0.666016 0.5
vt 0.916016 0.5
vt 0.994141 0.5

# verts
v -1.8 1 -0.900001
v -1.8 1 -1.2
v -1.8 1.1 -0.900001
v -1.8 1.1 -1.2
v -1.7 0.8 -0.900001
v -1.7 0.8 -1.2
v -1.7 1 -0.800001
v -1.7 1 -0.900001
v -1.7 1 -1.2
v -1.7 1 -1.3
v -1.7 1.1 -0.800001
v -1.7 1.1 -0.900001
v -1.7 1.1 -1.2
v -1.7 1.1 -1.3
v -1.7 1.5 -0.900001
v -1.7 1.5 -1.2
v -1.6 1.5 -0.900001
v -1.6 1.5 -1.2
v -1.6 1.6 -0.900001
v -1.6 1.6 -1.2
v -1.5 1.6 -0.500001
v -1.5 1.6 -0.600001
v -1.5 1.6 -0.700001
v -1.5 1.6 -0.800001
v -1.5 1.6 -0.900001
v -1.5 1.6 -1.2
v -1.5 1.6 -1.3
v -1.5 1.6 -1.4
v -1.5 1.6 -1.5
v -1.5 1.6 -1.6
v -1.5 1.7 -0.600001
v -1.5 1.7 -0.700001
v -1.5 1.7 -0.800001
v -1.5 1.7 -0.900001
v -1.5 1.7 -1.2
v -1.5 1.7 -1.3
v -1.5 1.7 -1.4
v -1.5 1.7 -1.5
v -1.5 1.8 -0.600001
v -1.5 1.8 -0.700001
v -1.5 1.8 -0.800001
v -1.5 1.8 -0.900001
v -1.5 1.8 -1.2
v -1.5 1.8 -1.3
v -1.5 1.8 -1.4
v -1.5 1.8 -1.5
v -1.5 1.9 -0.500001
v -1.5 1.9 -0.600001
v -1.5 1.9 -0.700001
v -1.5 1.9 -0.800001
v -1.5 1.9 -0.900001
v -1.5 1.9 -1
v -1.5 1.9 -1.1
v -1.5 1.9 -1.2
v -1.5 1.9 -1.3
v -1.5 1.9 -1.4
v -1.5 1.9 -1.5
v -1.5 1.9 -1.6
v -1.5 2 -0.500001
v -1.5 2 -0.600001
v -1.5 2 -0.900001
v -1.5 2 -1
v -1.5 2 -1.1
v -1.5 2 -1.2
v -1.5 2 -1.5
v -1.5 2 -1.6
v -1.5 2.1 -0.500001
v -1.5 2.1 -0.600001
v -1.5 2.1 -0.900001
v -1.5 2.1 -1
v -1.5 2.1 -1.1
v -1.5 2.1 -1.2
v -1.5 2.1 -1.5
v -1.5 2.1 -1.6
v -1.5 2.2 -0.500001
v -1.5 2.2 -0.600001
v -1.5 2.2 -0.700001
v -1.5 2.2 -0.800001
v -1.5 2.2 -0.900001
v -1.5 2.2 -1
v -1.5 2.2 -1.1
v -1.5 2.2 -1.2
v -1.5 2.2 -1.3
v -1.5 2.2 -1.4
v -1.5 2.2 -1.5
v -1.5 2.2 -1.6
v -1.5 2.3 -0.600001
v -1.5 2.3 -0.700001
v -1.5 2.3 -0.800001
v -1.5 2.3 -0.900001
v -1.5 2.3 -1.2
v -1.5 2.3 -1.3
v -1.5 2.3 -1.4
v -1.5 2.3 -1.5
v -1.5 2.4 -0.600001
v -1.5 2.4 -0.700001
v -1.5 2.4 -0.800001
v -1.5 2.4 -0.900001
v -1.5 2.4 -1.2
v -1.5 2.4 -1.3
v -1.5 2.4 -1.4
v -1.5 2.4 -1.5
v -1.5 2.5 -0.500001
v -1.5 2.5 -0.600001
v -1.5 2.5 -0.700001
v -1.5 2.5 -0.800001
v -1.5 2.5 -0.900001
v -1.5 2.5 -1
v -1.5 2.5 -1.1
v -1.5 2.5 -1.2
v -1.5 2.5 -1.3
v -1.5 2.5 -1.4
v -1.5 2.5 -1.5
v -1.5 2.5 -1.6
v -1.5 2.6 -0.500001
v -1.5 2.6 -0.600001
v -1.5 2.6 -0.900001
v -1.5 2.6 -1
v -1.5 2.6 -1.1
v -1.5 2.6 -1.2
v -1.5 2.6 -1.5
v -1.5 2.6 -1.6
v -1.5 2.7 -0.600001
v -1.5 2.7 -1
v -1.5 2.7 -1.1
v -1.5 2.7 -1.5
v -1.4 0.9 -0.700001
v -1.4 0.9 -0.900001
v -1.4 0.9 -1.2
v -1.4 0.9 -1.4
v -1.4 1 -0.700001
v -1.4 1 -0.800001
v -1.4 1 -0.900001
v -1.4 1 -1.2
v -1.4 1 -1.3
v -1.4 1 -1.4
v -1.4 1.1 -0.600001
v -1.4 1.1 -0.800001
v -1.4 1.1 -0.900001
v -1.4 1.1 -1.2
v -1.4 1.1 -1.3
v -1.4 1.1 -1.5
v -1.4 1.3 -0.600001
v -1.4 1.3 -0.900001
v -1.4 1.3 -1.2
v -1.4 1.3 -1.5
v -1.4 1.4 -0.600001
v -1.4 1.4 -0.900001
v -1.4 1.4 -1.2
v -1.4 1.4 -1.5
v -1.4 1.6 -0.600001
v -1.4 1.6 -0.700001
v -1.4 1.6 -0.800001
v -1.4 1.6 -0.900001
v -1.4 1.6 -1.2
v -1.4 1.6 -1.3
v -1.4 1.6 -1.4
v -1.4 1.6 -1.5
v -1.4 2.6 -0.500001
v -1.4 2.6 -0.600001
v -1.4 2.6 -1.5
v -1.4 2.6 -1.6
v -1.4 2.7 -0.500001
v -1.4 2.7 -0.600001
v -1.4 2.7 -0.700001
v -1.4 2.7 -0.900001
v -1.4 2.7 -1
v -1.4 2.7 -1.1
v -1.4 2.7 -1.2
v -1.4 2.7 -1.4
v -1.4 2.7 -1.5
v -1.4 2.7 -1.6
v -1.4 2.8 -0.700001
v -1.4 2.8 -0.900001
v -1.4 2.8 -1
v -1.4 2.8 -1.1
v -1.4 2.8 -1.2
v -1.4 2.8 -1.4
v -1.3 0.9 -0.600001
v -1.3 0.9 -0.700001
v -1.3 0.9 -1.4
v -1.3 0.9 -1.5
v -1.3 1 -0.600001
v -1.3 1 -0.700001
v -1.3 1 -0.800001
v -1.3 1 -1.4
v -1.3 1 -1.5
v -1.3 1.1 -0.700001
v -1.3 1.1 -0.800001
v -1.3 1.1 -1.4
v -1.3 1.3 -0.700001
v -1.3 1.3 -1.4
v -1.3 1.4 -0.700001
v -1.3 1.4 -1.4
v -1.3 1.8 -0.700001
v -1.3 1.8 -0.800001
v -1.3 1.9 -0.700001
v -1.3 1.9 -0.800001
v -1.3 2 -0.700001
v -1.3 2 -0.800001
v -1.3 2.1 -0.700001
v -1.3 2.1 -0.800001
v -1.3 2.7 -0.600001
v -1.3 2.7 -0.700001
v -1.3 2.7 -1.4
v -1.3 2.7 -1.5
v -1.3 2.8 -0.600001
v -1.3 2.8 -0.700001
v -1.3 2.8 -0.800001
v -1.3 2.8 -0.900001
v -1.3 2.8 -1
v -1.3 2.8 -1.1
v -1.3 2.8 -1.2
v -1.3 2.8 -1.3
v -1.3 2.8 -1.4
v -1.3 2.8 -1.5
v -1.3 2.9 -0.800001
v -1.3 2.9 -0.900001
v -1.3 2.9 -1.2
v -1.3 2.9 -1.3
v -1.2 0.6 -0.900001
v -1.2 0.6 -1.2
v -1.2 0.7 -0.900001
v -1.2 0.7 -1.2
v -1.2 0.9 -0.900001
v -1.2 0.9 -1.2
v -1.2 1.9 -0.700001
v -1.2 1.9 -0.800001
v -1.2 2 -0.700001
v -1.2 2 -0.800001
v -1.2 2.5 -1.2
v -1.2 2.5 -1.3
v -1.2 2.6 -1.2
v -1.2 2.6 -1.3
v -1.2 2.8 -0.700001
v -1.2 2.8 -0.800001
v -1.2 2.8 -1.3
v -1.2 2.8 -1.4
v -1.2 2.9 -0.700001
v -1.2 2.9 -0.800001
v -1.2 2.9 -1.3
v -1.2 2.9 -1.4
v -1.2 3.3 -0.800001
v -1.2 3.3 -1
v -1.2 3.3 -1.1
v -1.2 3.3 -1.3
v -1.2 3.4 -0.800001
v -1.2 3.4 -1
v -1.2 3.4 -1.1
v -1.2 3.4 -1.3
v -1.1 3.1 -1
v -1.1 3.1 -1.1
v -1.1 3.2 -0.800001
v -1.1 3.2 -0.900001
v -1.1 3.2 -1
v -1.1 3.2 -1.1
v -1.1 3.2 -1.2
v -1.1 3.2 -1.3
v -1.1 3.3 -0.700001
v -1.1 3.3 -0.800001
v -1.1 3.3 -0.900001
v -1.1 3.3 -1.2
v -1.1 3.3 -1.3
v -1.1 3.3 -1.4
v -1.1 3.4 -0.700001
v -1.1 3.4 -0.800001
v -1.1 3.4 -1.3
v -1.1 3.4 -1.4
v -1 2.9 -1
v -1 2.9 -1.1
v -1 3 -0.900001
v -1 3 -1
v -1 3 -1.1
v -1 3 -1.2
v -1 3.1 -0.900001
v -1 3.1 -1
v -1 3.1 -1.1
v -1 3.1 -1.2
v -1 3.2 -0.900001
v -1 3.2 -1
v -1 3.2 -1.1
v -1 3.2 -1.2
v -1 3.3 -0.800001
v -1 3.3 -0.900001
v -1 3.3 -1
v -1 3.3 -1.1
v -1 3.3 -1.2
v -1 3.3 -1.3
v -1 3.4 -0.800001
v -1 3.4 -0.900001
v -1 3.4 -1.2
v -1 3.4 -1.3
v -0.9 2.9 -0.900001
v -0.9 2.9 -1
v -0.9 2.9 -1.1
v -0.9 2.9 -1.2
v -0.9 3 -0.900001
v -0.9 3 -1
v -0.9 3 -1.1
v -0.9 3 -1.2
v -0.9 3.1 -0.800001
v -0.9 3.1 -0.900001
v -0.9 3.1 -1
v -0.9 3.1 -1.1
v -0.9 3.1 -1.2
v -0.9 3.1 -1.3
v -0.9 3.2 -0.800001
v -0.9 3.2 -0.900001
v -0.9 3.2 -1
v -0.9 3.2 -1.1
v -0.9 3.2 -1.2
v -0.9 3.2 -1.3
v -0.9 3.3 -1
v -0.9 3.3 -1.1
v -0.8 0.6 -0.900001
v -0.8 0.6 -1.2
v -0.8 0.7 -0.900001
v -0.8 0.7 -1.2
v -0.8 0.9 -0.900001
v -0.8 0.9 -1.2
v -0.8 3.2 -0.900001
v -0.8 3.2 -1
v -0.8 3.2 -1.1
v -0.8 3.2 -1.2
v -0.8 3.3 -0.700001
v -0.8 3.3 -0.900001
v -0.8 3.3 -1
v -0.8 3.3 -1.1
v -0.8 3.3 -1.2
v -0.8 3.3 -1.4
v -0.8 3.4 -0.700001
v -0.8 3.4 -1
v -0.8 3.4 -1.2
v -0.8 3.4 -1.4
v -0.7 2.1 -0.700001
v -0.7 2.1 -0.800001
v -0.7 2.2 -0.700001
v -0.7 2.2 -0.800001
v -0.7 2.8 -1
v -0.7 2.8 -1.1
v -0.7 2.9 -1
v -0.7 2.9 -1.1
v -0.7 3.2 -0.800001
v -0.7 3.2 -0.900001
v -0.7 3.2 -1.2
v -0.7 3.2 -1.3
v -0.7 3.3 -0.800001
v -0.7 3.3 -0.900001
v -0.7 3.3 -1.1
v -0.7 3.3 -1.2
v -0.7 3.3 -1.3
v -0.7 3.4 -1.1
v -0.7 3.4 -1.2
v -0.6 2 -0.700001
v -0.6 2 -0.800001
v -0.6 2.1 -0.700001
v -0.6 2.1 -0.800001
v -0.6 3.3 -0.800001
v -0.6 3.3 -0.900001
v -0.6 3.3 -1.2
v -0.6 3.3 -1.3
v -0.6 3.4 -0.800001
v -0.6 3.4 -0.900001
v -0.6 3.4 -1.2
v -0.6 3.4 -1.3
v -0.4 1.8 -0.500001
v -0.4 1.8 -0.600001
v -0.4 1.9 -0.500001
v -0.4 1.9 -0.600001
v -0.4 2.5 -0.500001
v -0.4 2.5 -0.600001
v -0.4 2.6 -0.500001
v -0.4 2.6 -0.600001
v -0.3 0.8 -0.900001
v -0.3 0.8 -1.2
v -0.3 0.9 -0.900001
v -0.3 0.9 -1.2
v -0.3 1 -0.800001
v -0.3 1 -0.900001
v -0.3 1 -1.1
v -0.3 1 -1.2
v -0.3 1 -1.3
v -0.3 1.1 -0.800001
v -0.3 1.1 -0.900001
v -0.3 1.1 -1.1
v -0.3 1.1 -1.2
v -0.3 1.1 -1.3
v -0.3 1.3 -0.900001
v -0.3 1.3 -1.2
v -0.3 1.4 -0.900001
v -0.3 1.4 -1.2
v -0.3 1.8 -0.700001
v -0.3 1.8 -1
v -0.3 1.8 -1.1
v -0.3 1.8 -1.2
v -0.3 1.8 -1.3
v -0.3 1.8 -1.5
v -0.3 1.9 -0.500001
v -0.3 1.9 -0.600001
v -0.3 1.9 -0.700001
v -0.3 1.9 -0.800001
v -0.3 1.9 -0.900001
v -0.3 1.9 -1
v -0.3 1.9 -1.1
v -0.3 1.9 -1.2
v -0.3 1.9 -1.3
v -0.3 1.9 -1.4
v -0.3 1.9 -1.5
v -0.3 2 -0.700001
v -0.3 2 -0.800001
v -0.3 2 -0.900001
v -0.3 2 -1
v -0.3 2 -1.3
v -0.3 2 -1.4
v -0.3 2 -1.5
v -0.3 2.1 -0.700001
v -0.3 2.1 -0.800001
v -0.3 2.1 -0.900001
v -0.3 2.1 -1
v -0.3 2.1 -1.3
v -0.3 2.1 -1.4
v -0.3 2.1 -1.5
v -0.3 2.2 -0.700001
v -0.3 2.2 -0.800001
v -0.3 2.2 -0.900001
v -0.3 2.2 -1
v -0.3 2.2 -1.1
v -0.3 2.2 -1.2
v -0.3 2.2 -1.3
v -0.3 2.2 -1.4
v -0.3 2.2 -1.5
v -0.3 2.3 -0.500001
v -0.3 2.3 -0.600001
v -0.3 2.3 -1
v -0.3 2.3 -1.1
v -0.3 2.3 -1.2
v -0.3 2.3 -1.3
v -0.3 2.3 -1.5
v -0.3 2.4 -0.500001
v -0.3 2.4 -0.600001
v -0.3 2.4 -1
v -0.3 2.4 -1.1
v -0.3 2.4 -1.2
v -0.3 2.4 -1.3
v -0.3 2.4 -1.5
v -0.3 2.5 -0.500001
v -0.3 2.5 -0.600001
v -0.3 2.5 -0.700001
v -0.3 2.5 -0.800001
v -0.3 2.5 -0.900001
v -0.3 2.5 -1
v -0.3 2.5 -1.1
v -0.3 2.5 -1.2
v -0.3 2.5 -1.3
v -0.3 2.5 -1.4
v -0.3 2.5 -1.5
v -0.3 2.6 -0.600001
v -0.3 2.6 -0.700001
v -0.3 2.6 -0.800001
v -0.3 2.6 -0.900001
v -0.3 2.6 -1
v -0.3 2.6 -1.3
v -0.3 2.6 -1.4
v -0.3 2.6 -1.5
v -1.4 0.8 -0.900001
v -1.4 0.8 -1.2
v -1.4 0.9 -0.900001
v -1.4 0.9 -1.2
v -1.4 1 -0.800001
v -1.4 1 -0.900001
v -1.4 1 -1.2
v -1.4 1 -1.3
v -1.4 1.1 -0.800001
v -1.4 1.1 -0.900001
v -1.4 1.1 -1.2
v -1.4 1.1 -1.3
v -1.4 1.3 -0.900001
v -1.4 1.3 -1.2
v -1.4 1.4 -0.900001
v -1.4 1.4 -1.2
v -1.4 1.8 -0.700001
v -1.4 1.8 -0.800001
v -1.4 1.8 -0.900001
v -1.4 1.8 -1.2
v -1.4 1.8 -1.3
v -1.4 1.8 -1.4
v -1.4 1.8 -1.5
v -1.4 1.9 -0.500001
v -1.4 1.9 -0.600001
v -1.4 1.9 -0.700001
v -1.4 1.9 -0.800001
v -1.4 1.9 -0.900001
v -1.4 1.9 -1
v -1.4 1.9 -1.1
v -1.4 1.9 -1.2
v -1.4 1.9 -1.3
v -1.4 1.9 -1.4
v -1.4 1.9 -1.5
v -1.4 2 -0.500001
v -1.4 2 -0.600001
v -1.4 2 -0.700001
v -1.4 2 -0.900001
v -1.4 2 -1
v -1.4 2 -1.1
v -1.4 2 -1.2
v -1.4 2 -1.5
v -1.4 2.1 -0.500001
v -1.4 2.1 -0.600001
v -1.4 2.1 -0.700001
v -1.4 2.1 -0.800001
v -1.4 2.1 -0.900001
v -1.4 2.1 -1
v -1.4 2.1 -1.1
v -1.4 2.1 -1.2
v -1.4 2.1 -1.5
v -1.4 2.2 -0.500001
v -1.4 2.2 -0.600001
v -1.4 2.2 -0.700001
v -1.4 2.2 -0.800001
v -1.4 2.2 -0.900001
v -1.4 2.2 -1
v -1.4 2.2 -1.1
v -1.4 2.2 -1.2
v -1.4 2.2 -1.3
v -1.4 2.2 -1.4
v -1.4 2.2 -1.5
v -1.4 2.3 -0.700001
v -1.4 2.3 -0.800001
v -1.4 2.3 -0.900001
v -1.4 2.3 -1.2
v -1.4 2.3 -1.3
v -1.4 2.3 -1.4
v -1.4 2.3 -1.5
v -1.4 2.4 -0.700001
v -1.4 2.4 -0.800001
v -1.4 2.4 -0.900001
v -1.4 2.4 -1.2
v -1.4 2.4 -1.3
v -1.4 2.4 -1.4
v -1.4 2.4 -1.5
v -1.4 2.5 -0.500001
v -1.4 2.5 -0.600001
v -1.4 2.5 -0.800001
v -1.4 2.5 -0.900001
v -1.4 2.5 -1.2
v -1.4 2.5 -1.3
v -1.4 2.5 -1.4
v -1.4 2.5 -1.5
v -1.4 2.6 -0.700001
v -1.4 2.6 -0.900001
v -1.3 1.8 -0.500001
v -1.3 1.8 -0.600001
v -1.3 1.9 -0.500001
v -1.3 1.9 -0.600001
v -1.3 1.9 -0.700001
v -1.3 1.9 -0.800001
v -1.3 1.9 -0.900001
v -1.3 2 -0.700001
v -1.3 2 -0.800001
v -1.3 2 -0.900001
v -1.3 2.1 -0.700001
v -1.3 2.1 -0.800001
v -1.3 2.2 -0.700001
v -1.3 2.2 -0.800001
v -1.3 2.5 -0.500001
v -1.3 2.5 -0.600001
v -1.3 2.5 -0.900001
v -1.3 2.5 -1
v -1.3 2.5 -1.2
v -1.3 2.5 -1.5
v -1.3 2.6 -0.500001
v -1.3 2.6 -0.600001
v -1.3 2.6 -0.900001
v -1.3 2.6 -1
v -1.3 2.6 -1.2
v -1.3 2.6 -1.5
v -1.2 1.8 -0.700001
v -1.2 1.8 -0.800001
v -1.2 1.9 -0.700001
v -1.2 1.9 -0.800001
v -1.2 2 -0.700001
v -1.2 2 -0.800001
v -1.2 2.1 -0.700001
v -1.2 2.1 -0.800001
v -1.2 2.5 -1
v -1.2 2.5 -1.1
v -1.2 2.6 -1
v -1.2 2.6 -1.1
v -1.1 1.9 -0.700001
v -1.1 1.9 -0.800001
v -1.1 2 -0.700001
v -1.1 2 -0.800001
v -1.1 2.5 -1.1
v -1.1 2.5 -1.3
v -1.1 2.6 -1.1
v -1.1 2.6 -1.3
v -1.1 3.3 -0.800001
v -1.1 3.3 -0.900001
v -1.1 3.3 -1.2
v -1.1 3.3 -1.3
v -1.1 3.4 -0.800001
v -1.1 3.4 -0.900001
v -1.1 3.4 -1.2
v -1.1 3.4 -1.3
v -1 2.8 -1
v -1 2.8 -1.1
v -1 2.9 -1
v -1 2.9 -1.1
v -1 3.2 -0.800001
v -1 3.2 -0.900001
v -1 3.2 -1.2
v -1 3.2 -1.3
v -1 3.3 -0.800001
v -1 3.3 -0.900001
v -1 3.3 -1.2
v -1 3.3 -1.3
v -0.9 0.6 -0.900001
v -0.9 0.6 -1.2
v -0.9 0.7 -0.900001
v -0.9 0.7 -1.2
v -0.9 0.9 -0.900001
v -0.9 0.9 -1.2
v -0.9 3.2 -0.900001
v -0.9 3.2 -1
v -0.9 3.2 -1.1
v -0.9 3.2 -1.2
v -0.9 3.3 -0.700001
v -0.9 3.3 -0.900001
v -0.9 3.3 -1
v -0.9 3.3 -1.1
v -0.9 3.3 -1.2
v -0.9 3.3 -1.4
v -0.9 3.4 -0.700001
v -0.9 3.4 -1
v -0.9 3.4 -1.1
v -0.9 3.4 -1.4
v -0.8 2.9 -0.900001
v -0.8 2.9 -1
v -0.8 2.9 -1.1
v -0.8 2.9 -1.2
v -0.8 3 -0.900001
v -0.8 3 -1
v -0.8 3 -1.1
v -0.8 3 -1.2
v -0.8 3.1 -0.800001
v -0.8 3.1 -0.900001
v -0.8 3.1 -1
v -0.8 3.1 -1.1
v -0.8 3.1 -1.2
v -0.8 3.1 -1.3
v -0.8 3.2 -0.800001
v -0.8 3.2 -0.900001
v -0.8 3.2 -1
v -0.8 3.2 -1.1
v -0.8 3.2 -1.2
v -0.8 3.2 -1.3
v -0.8 3.3 -1
v -0.8 3.3 -1.1
v -0.7 2.9 -1
v -0.7 2.9 -1.1
v -0.7 3 -0.900001
v -0.7 3 -1
v -0.7 3 -1.1
v -0.7 3 -1.2
v -0.7 3.1 -0.900001
v -0.7 3.1 -1
v -0.7 3.1 -1.1
v -0.7 3.1 -1.2
v -0.7 3.2 -0.900001
v -0.7 3.2 -1
v -0.7 3.2 -1.1
v -0.7 3.2 -1.2
v -0.7 3.3 -0.800001
v -0.7 3.3 -0.900001
v -0.7 3.3 -1
v -0.7 3.3 -1.1
v -0.7 3.3 -1.2
v -0.7 3.3 -1.3
v -0.7 3.4 -0.800001
v -0.7 3.4 -0.900001
v -0.7 3.4 -1.2
v -0.7 3.4 -1.3
v -0.6 2.1 -0.700001
v -0.6 2.1 -0.800001
v -0.6 2.2 -0.700001
v -0.6 2.2 -0.800001
v -0.6 3.1 -1
v -0.6 3.1 -1.1
v -0.6 3.2 -0.800001
v -0.6 3.2 -0.900001
v -0.6 3.2 -1
v -0.6 3.2 -1.1
v -0.6 3.2 -1.2
v -0.6 3.2 -1.3
v -0.6 3.3 -0.700001
v -0.6 3.3 -0.800001
v -0.6 3.3 -0.900001
v -0.6 3.3 -1.2
v -0.6 3.3 -1.3
v -0.6 3.3 -1.4
v -0.6 3.4 -0.700001
v -0.6 3.4 -0.800001
v -0.6 3.4 -1.3
v -0.6 3.4 -1.4
v -0.5 0.6 -0.900001
v -0.5 0.6 -1.2
v -0.5 0.7 -0.900001
v -0.5 0.7 -1.2
v -0.5 0.9 -0.900001
v -0.5 0.9 -1.2
v -0.5 2 -0.700001
v -0.5 2 -0.800001
v -0.5 2.1 -0.700001
v -0.5 2.1 -0.800001
v -0.5 2.8 -0.700001
v -0.5 2.8 -0.800001
v -0.5 2.8 -1.3
v -0.5 2.8 -1.4
v -0.5 2.9 -0.700001
v -0.5 2.9 -0.800001
v -0.5 2.9 -1.3
v -0.5 2.9 -1.4
v -0.5 3.3 -0.800001
v -0.5 3.3 -1
v -0.5 3.3 -1.1
v -0.5 3.3 -1.3
v -0.5 3.4 -0.800001
v -0.5 3.4 -1
v -0.5 3.4 -1.1
v -0.5 3.4 -1.3
v -0.4 0.9 -0.600001
v -0.4 0.9 -0.700001
v -0.4 0.9 -1.4
v -0.4 0.9 -1.5
v -0.4 1 -0.600001
v -0.4 1 -0.700001
v -0.4 1 -0.800001
v -0.4 1 -1.1
v -0.4 1 -1.2
v -0.4 1 -1.4
v -0.4 1 -1.5
v -0.4 1.1 -0.700001
v -0.4 1.1 -0.800001
v -0.4 1.1 -1.1
v -0.4 1.1 -1.2
v -0.4 1.1 -1.4
v -0.4 1.3 -0.700001
v -0.4 1.3 -1.4
v -0.4 1.4 -0.700001
v -0.4 1.4 -1.4
v -0.4 2.5 -0.600001
v -0.4 2.5 -0.700001
v -0.4 2.6 -0.600001
v -0.4 2.6 -0.700001
v -0.4 2.7 -0.600001
v -0.4 2.7 -0.700001
v -0.4 2.7 -1.4
v -0.4 2.7 -1.5
v -0.4 2.8 -0.600001
v -0.4 2.8 -0.700001
v -0.4 2.8 -0.800001
v -0.4 2.8 -0.900001
v -0.4 2.8 -1
v -0.4 2.8 -1.1
v -0.4 2.8 -1.2
v -0.4 2.8 -1.3
v -0.4 2.8 -1.4
v -0.4 2.8 -1.5
v -0.4 2.9 -0.800001
v -0.4 2.9 -1
v -0.4 2.9 -1.1
v -0.4 2.9 -1.2
v -0.4 2.9 -1.3
v -0.3 0.9 -0.700001
v -0.3 0.9 -0.900001
v -0.3 0.9 -1.2
v -0.3 0.9 -1.4
v -0.3 1 -0.700001
v -0.3 1 -0.800001
v -0.3 1 -0.900001
v -0.3 1 -1.2
v -0.3 1 -1.3
v -0.3 1 -1.4
v -0.3 1.1 -0.600001
v -0.3 1.1 -0.800001
v -0.3 1.1 -0.900001
v -0.3 1.1 -1.2
v -0.3 1.1 -1.3
v -0.3 1.1 -1.5
v -0.3 1.3 -0.600001
v -0.3 1.3 -0.900001
v -0.3 1.3 -1.2
v -0.3 1.3 -1.5
v -0.3 1.4 -0.600001
v -0.3 1.4 -0.900001
v -0.3 1.4 -1.2
v -0.3 1.4 -1.5
v -0.3 1.6 -0.600001
v -0.3 1.6 -0.700001
v -0.3 1.6 -0.900001
v -0.3 1.6 -1.2
v -0.3 1.6 -1.3
v -0.3 1.6 -1.5
v -0.3 2.6 -0.500001
v -0.3 2.6 -0.600001
v -0.3 2.6 -1.5
v -0.3 2.6 -1.6
v -0.3 2.7 -0.500001
v -0.3 2.7 -0.600001
v -0.3 2.7 -0.700001
v -0.3 2.7 -0.800001
v -0.3 2.7 -0.900001
v -0.3 2.7 -1
v -0.3 2.7 -1.3
v -0.3 2.7 -1.4
v -0.3 2.7 -1.5
v -0.3 2.7 -1.6
v -0.3 2.8 -0.700001
v -0.3 2.8 -0.800001
v -0.3 2.8 -0.900001
v -0.3 2.8 -1
v -0.3 2.8 -1.3
v -0.3 2.8 -1.4
v -0.2 1.6 -0.500001
v -0.2 1.6 -0.600001
v -0.2 1.6 -0.700001
v -0.2 1.6 -0.900001
v -0.2 1.6 -1
v -0.2 1.6 -1.1
v -0.2 1.6 -1.2
v -0.2 1.6 -1.3
v -0.2 1.6 -1.6
v -0.2 1.7 -0.500001
v -0.2 1.7 -0.600001
v -0.2 1.7 -0.700001
v -0.2 1.7 -1
v -0.2 1.7 -1.1
v -0.2 1.7 -1.2
v -0.2 1.7 -1.3
v -0.2 1.8 -0.500001
v -0.2 1.8 -0.600001
v -0.2 1.8 -0.700001
v -0.2 1.8 -1
v -0.2 1.8 -1.1
v -0.2 1.8 -1.2
v -0.2 1.8 -1.3
v -0.2 1.9 -0.600001
v -0.2 1.9 -0.700001
v -0.2 1.9 -0.800001
v -0.2 1.9 -0.900001
v -0.2 1.9 -1
v -0.2 1.9 -1.1
v -0.2 1.9 -1.2
v -0.2 1.9 -1.3
v -0.2 1.9 -1.4
v -0.2 1.9 -1.5
v -0.2 1.9 -1.6
v -0.2 2 -0.700001
v -0.2 2 -0.800001
v -0.2 2 -0.900001
v -0.2 2 -1
v -0.2 2 -1.3
v -0.2 2 -1.4
v -0.2 2 -1.5
v -0.2 2 -1.6
v -0.2 2.1 -0.700001
v -0.2 2.1 -0.800001
v -0.2 2.1 -0.900001
v -0.2 2.1 -1
v -0.2 2.1 -1.3
v -0.2 2.1 -1.4
v -0.2 2.1 -1.5
v -0.2 2.1 -1.6
v -0.2 2.2 -0.600001
v -0.2 2.2 -0.700001
v -0.2 2.2 -0.800001
v -0.2 2.2 -0.900001
v -0.2 2.2 -1
v -0.2 2.2 -1.1
v -0.2 2.2 -1.2
v -0.2 2.2 -1.3
v -0.2 2.2 -1.4
v -0.2 2.2 -1.5
v -0.2 2.2 -1.6
v -0.2 2.3 -0.500001
v -0.2 2.3 -0.600001
v -0.2 2.3 -0.700001
v -0.2 2.3 -1
v -0.2 2.3 -1.1
v -0.2 2.3 -1.2
v -0.2 2.3 -1.3
v -0.2 2.4 -0.500001
v -0.2 2.4 -0.600001
v -0.2 2.4 -0.700001
v -0.2 2.4 -1
v -0.2 2.4 -1.1
v -0.2 2.4 -1.2
v -0.2 2.4 -1.3
v -0.2 2.5 -0.600001
v -0.2 2.5 -0.700001
v -0.2 2.5 -0.800001
v -0.2 2.5 -0.900001
v -0.2 2.5 -1
v -0.2 2.5 -1.1
v -0.2 2.5 -1.2
v -0.2 2.5 -1.3
v -0.2 2.5 -1.4
v -0.2 2.5 -1.5
v -0.2 2.5 -1.6
v -0.2 2.6 -0.500001
v -0.2 2.6 -0.600001
v -0.2 2.6 -0.700001
v -0.2 2.6 -0.800001
v -0.2 2.6 -0.900001
v -0.2 2.6 -1
v -0.2 2.6 -1.3
v -0.2 2.6 -1.4
v -0.2 2.6 -1.5
v -0.2 2.6 -1.6
v -0.2 2.7 -0.600001
v -0.2 2.7 -0.800001
v -0.2 2.7 -0.900001
v -0.2 2.7 -1.4
v -0.2 2.7 -1.5
v -0.0999995 1.5 -0.900001
v -0.0999995 1.5 -1
v -0.0999995 1.5 -1.1
v -0.0999995 1.5 -1.2
v -0.0999995 1.6 -0.900001
v -0.0999995 1.6 -1
v -0.0999995 1.6 -1.1
v -0.0999995 1.6 -1.2
v 3.57628e-07 0.8 -0.900001
v 3.57628e-07 0.8 -1.2
v 3.57628e-07 1 -0.800001
v 3.57628e-07 1 -0.900001
v 3.57628e-07 1 -1.2
v 3.57628e-07 1 -1.3
v 3.57628e-07 1.1 -0.800001
v 3.57628e-07 1.1 -0.900001
v 3.57628e-07 1.1 -1.2
v 3.57628e-07 1.1 -1.3
v 3.57628e-07 1.5 -0.900001
v 3.57628e-07 1.5 -1.2
v 0.1 1 -0.900001
v 0.1 1 -1.2
v 0.1 1.1 -0.900001
v 0.1 1.1 -1.2
v -1.5 1.6 -0.500001
v -1.5 1.9 -0.500001
v -1.5 2 -0.500001
v -1.5 2.1 -0.500001
v -1.5 2.2 -0.500001
v -1.5 2.5 -0.500001
v -1.5 2.6 -0.500001
v -1.4 1.6 -0.500001
v -1.4 1.7 -0.500001
v -1.4 1.8 -0.500001
v -1.4 1.9 -0.500001
v -1.4 2 -0.500001
v -1.4 2.1 -0.500001
v -1.4 2.2 -0.500001
v -1.4 2.5 -0.500001
v -1.4 2.6 -0.500001
v -1.4 2.7 -0.500001
v -1.3 1.6 -0.500001
v -1.3 1.7 -0.500001
v -1.3 1.8 -0.500001
v -1.3 1.9 -0.500001
v -1.3 2.5 -0.500001
v -1.3 2.6 -0.500001
v -1.3 2.7 -0.500001
v -1.2 1.6 -0.500001
v -1.2 1.7 -0.500001
v -1.2 1.8 -0.500001
v -1.1 1.6 -0.500001
v -1.1 1.7 -0.500001
v -1 2.6 -0.500001
v -1 2.7 -0.500001
v -0.9 2.6 -0.500001
v -0.9 2.7 -0.500001
v -0.8 1.6 -0.500001
v -0.8 1.7 -0.500001
v -0.7 1.6 -0.500001
v -0.7 1.7 -0.500001
v -0.7 1.8 -0.500001
v -0.6 1.6 -0.500001
v -0.6 1.7 -0.500001
v -0.6 1.8 -0.500001
v -0.6 2.6 -0.500001
v -0.6 2.7 -0.500001
v -0.5 1.6 -0.500001
v -0.5 1.7 -0.500001
v -0.5 2.6 -0.500001
v -0.5 2.7 -0.500001
v -0.4 1.8 -0.500001
v -0.4 1.9 -0.500001
v -0.4 2.5 -0.500001
v -0.4 2.6 -0.500001
v -0.3 1.7 -0.500001
v -0.3 1.8 -0.500001
v -0.3 1.9 -0.500001
v -0.3 2.3 -0.500001
v -0.3 2.4 -0.500001
v -0.3 2.5 -0.500001
v -0.3 2.6 -0.500001
v -0.3 2.7 -0.500001
v -0.2 1.6 -0.500001
v -0.2 1.7 -0.500001
v -0.2 1.8 -0.500001
v -0.2 2.3 -0.500001
v -0.2 2.4 -0.500001
v -0.2 2.6 -0.500001
v -1.5 2.6 -0.600001
v -1.5 2.7 -0.600001
v -1.4 1.1 -0.600001
v -1.4 1.3 -0.600001
v -1.4 1.4 -0.600001
v -1.4 1.6 -0.600001
v -1.4 1.9 -0.600001
v -1.4 2 -0.600001
v -1.4 2.1 -0.600001
v -1.4 2.2 -0.600001
v -1.4 2.5 -0.600001
v -1.4 2.6 -0.600001
v -1.4 2.7 -0.600001
v -1.3 0.9 -0.600001
v -1.3 1 -0.600001
v -1.3 1.6 -0.600001
v -1.3 1.8 -0.600001
v -1.3 1.9 -0.600001
v -1.3 2.5 -0.600001
v -1.3 2.6 -0.600001
v -1.3 2.7 -0.600001
v -1.3 2.8 -0.600001
v -1.2 1.6 -0.600001
v -1.2 1.8 -0.600001
v -1.2 2.7 -0.600001
v -1.2 2.8 -0.600001
v -1.1 1.6 -0.600001
v -1.1 2.1 -0.600001
v -1.1 2.3 -0.600001
v -1.1 2.7 -0.600001
v -1.1 2.8 -0.600001
v -1 2.1 -0.600001
v -1 2.3 -0.600001
v -1 2.6 -0.600001
v -1 2.7 -0.600001
v -1 2.8 -0.600001
v -0.9 2.6 -0.600001
v -0.9 2.7 -0.600001
v -0.9 2.8 -0.600001
v -0.8 1.6 -0.600001
v -0.8 2.7 -0.600001
v -0.8 2.8 -0.600001
v -0.7 1.6 -0.600001
v -0.7 1.8 -0.600001
v -0.7 2.1 -0.600001
v -0.7 2.3 -0.600001
v -0.7 2.7 -0.600001
v -0.7 2.8 -0.600001
v -0.6 1.6 -0.600001
v -0.6 1.8 -0.600001
v -0.6 2.1 -0.600001
v -0.6 2.3 -0.600001
v -0.6 2.6 -0.600001
v -0.6 2.7 -0.600001
v -0.6 2.8 -0.600001
v -0.5 1.6 -0.600001
v -0.5 2.6 -0.600001
v -0.5 2.7 -0.600001
v -0.5 2.8 -0.600001
v -0.4 0.9 -0.600001
v -0.4 1 -0.600001
v -0.4 1.8 -0.600001
v -0.4 1.9 -0.600001
v -0.4 2.5 -0.600001
v -0.4 2.6 -0.600001
v -0.4 2.7 -0.600001
v -0.4 2.8 -0.600001
v -0.3 1.1 -0.600001
v -0.3 1.3 -0.600001
v -0.3 1.4 -0.600001
v -0.3 1.6 -0.600001
v -0.3 1.9 -0.600001
v -0.3 2.3 -0.600001
v -0.3 2.4 -0.600001
v -0.3 2.5 -0.600001
v -0.3 2.6 -0.600001
v -0.3 2.7 -0.600001
v -0.2 2.6 -0.600001
v -0.2 2.7 -0.600001
v -1.4 0.9 -0.700001
v -1.4 1 -0.700001
v -1.4 2.7 -0.700001
v -1.4 2.8 -0.700001
v -1.3 0.9 -0.700001
v -1.3 1 -0.700001
v -1.3 1.1 -0.700001
v -1.3 1.3 -0.700001
v -1.3 1.4 -0.700001
v -1.3 2.7 -0.700001
v -1.3 2.8 -0.700001
v -1.2 2.8 -0.700001
v -1.2 2.9 -0.700001
v -1.1 2.8 -0.700001
v -1.1 2.9 -0.700001
v -1.1 3.3 -0.700001
v -1.1 3.4 -0.700001
v -1 2.8 -0.700001
v -0.9 2.8 -0.700001
v -0.9 3.3 -0.700001
v -0.9 3.4 -0.700001
v -0.8 2.8 -0.700001
v -0.8 2.9 -0.700001
v -0.8 3.3 -0.700001
v -0.8 3.4 -0.700001
v -0.7 2.8 -0.700001
v -0.7 2.9 -0.700001
v -0.6 2.8 -0.700001
v -0.6 3.3 -0.700001
v -0.6 3.4 -0.700001
v -0.5 2.8 -0.700001
v -0.5 2.9 -0.700001
v -0.4 0.9 -0.700001
v -0.4 1 -0.700001
v -0.4 1.1 -0.700001
v -0.4 1.3 -0.700001
v -0.4 1.4 -0.700001
v -0.4 2.7 -0.700001
v -0.4 2.8 -0.700001
v -0.3 0.9 -0.700001
v -0.3 1 -0.700001
v -0.3 2.7 -0.700001
v -0.3 2.8 -0.700001
v -1.7 1 -0.800001
v -1.7 1.1 -0.800001
v -1.4 1 -0.800001
v -1.4 1.1 -0.800001
v -1.3 2.8 -0.800001
v -1.3 2.9 -0.800001
v -1.2 2.8 -0.800001
v -1.2 2.9 -0.800001
v -1.2 3.3 -0.800001
v -1.2 3.4 -0.800001
v -1.1 3.2 -0.800001
v -1.1 3.3 -0.800001
v -1.1 3.4 -0.800001
v -1 3.2 -0.800001
v -1 3.3 -0.800001
v -0.9 3.1 -0.800001
v -0.9 3.2 -0.800001
v -0.8 3.1 -0.800001
v -0.8 3.2 -0.800001
v -0.7 3.2 -0.800001
v -0.7 3.3 -0.800001
v -0.6 3.2 -0.800001
v -0.6 3.3 -0.800001
v -0.6 3.4 -0.800001
v -0.5 2.8 -0.800001
v -0.5 2.9 -0.800001
v -0.5 3.3 -0.800001
v -0.5 3.4 -0.800001
v -0.4 2.8 -0.800001
v -0.4 2.9 -0.800001
v -0.3 1 -0.800001
v -0.3 1.1 -0.800001
v 3.57628e-07 1 -0.800001
v 3.57628e-07 1.1 -0.800001
v -1.8 1 -0.900001
v -1.8 1.1 -0.900001
v -1.7 0.8 -0.900001
v -1.7 1 -0.900001
v -1.7 1.1 -0.900001
v -1.7 1.5 -0.900001
v -1.6 1.5 -0.900001
v -1.6 1.6 -0.900001
v -1.5 1.6 -0.900001
v -1.4 0.8 -0.900001
v -1.4 0.9 -0.900001
v -1.4 1 -0.900001
v -1.4 1.1 -0.900001
v -1.4 1.3 -0.900001
v -1.4 1.4 -0.900001
v -1.4 1.6 -0.900001
v -1.4 2.5 -0.900001
v -1.4 2.6 -0.900001
v -1.3 2.5 -0.900001
v -1.3 2.6 -0.900001
v -1.2 0.6 -0.900001
v -1.2 0.7 -0.900001
v -1.2 0.9 -0.900001
v -1.1 3.3 -0.900001
v -1.1 3.4 -0.900001
v -1 3 -0.900001
v -1 3.1 -0.900001
v -1 3.2 -0.900001
v -1 3.3 -0.900001
v -1 3.4 -0.900001
v -0.9 0.6 -0.900001
v -0.9 0.7 -0.900001
v -0.9 0.9 -0.900001
v -0.9 2.9 -0.900001
v -0.9 3 -0.900001
v -0.9 3.1 -0.900001
v -0.9 3.2 -0.900001
v -0.9 3.3 -0.900001
v -0.8 0.6 -0.900001
v -0.8 0.7 -0.900001
v -0.8 0.9 -0.900001
v -0.8 2.9 -0.900001
v -0.8 3 -0.900001
v -0.8 3.1 -0.900001
v -0.8 3.2 -0.900001
v -0.8 3.3 -0.900001
v -0.7 3 -0.900001
v -0.7 3.1 -0.900001
v -0.7 3.2 -0.900001
v -0.7 3.3 -0.900001
v -0.7 3.4 -0.900001
v -0.6 3.3 -0.900001
v -0.6 3.4 -0.900001
v -0.5 0.6 -0.900001
v -0.5 0.7 -0.900001
v -0.5 0.9 -0.900001
v -0.3 0.8 -0.900001
v -0.3 0.9 -0.900001
v -0.3 1 -0.900001
v -0.3 1.1 -0.900001
v -0.3 1.3 -0.900001
v -0.3 1.4 -0.900001
v -0.3 1.6 -0.900001
v -0.2 1.6 -0.900001
v -0.0999995 1.5 -0.900001
v -0.0999995 1.6 -0.900001
v 3.57628e-07 0.8 -0.900001
v 3.57628e-07 1 -0.900001
v 3.57628e-07 1.1 -0.900001
v 3.57628e-07 1.5 -0.900001
v 0.1 1 -0.900001
v 0.1 1.1 -0.900001
v -1.3 2.5 -1
v -1.3 2.6 -1
v -1.2 2.5 -1
v -1.2 2.6 -1
v -1.1 3.1 -1
v -1.1 3.2 -1
v -1 2.9 -1
v -1 3 -1
v -1 3.1 -1
v -1 3.2 -1
v -0.9 2.9 -1
v -0.9 3 -1
v -0.9 3.1 -1
v -0.9 3.2 -1
v -0.9 3.3 -1
v -0.8 2.9 -1
v -0.8 3 -1
v -0.8 3.1 -1
v -0.8 3.2 -1
v -0.8 3.3 -1
v -0.7 2.9 -1
v -0.7 3 -1
v -0.7 3.1 -1
v -0.7 3.2 -1
v -0.6 3.1 -1
v -0.6 3.2 -1
v -1.2 2.5 -1.1
v -1.2 2.6 -1.1
v -1.2 3.3 -1.1
v -1.2 3.4 -1.1
v -1.1 2.5 -1.1
v -1.1 2.6 -1.1
v -1 2.8 -1.1
v -1 2.9 -1.1
v -1 3.2 -1.1
v -1 3.3 -1.1
v -0.9 2.8 -1.1
v -0.9 2.9 -1.1
v -0.9 3.2 -1.1
v -0.9 3.3 -1.1
v -0.9 3.4 -1.1
v -0.8 3.2 -1.1
v -0.8 3.3 -1.1
v -0.7 2.8 -1.1
v -0.7 2.9 -1.1
v -0.7 3.2 -1.1
v -0.7 3.3 -1.1
v -0.7 3.4 -1.1
v -0.5 3.3 -1.1
v -0.5 3.4 -1.1
v -0.4 1 -1.1
v -0.4 1.1 -1.1
v -0.3 1 -1.1
v -0.3 1.1 -1.1
v -1.1 3.2 -1.2
v -1.1 3.3 -1.2
v -1 3.2 -1.2
v -1 3.3 -1.2
v -0.8 3.3 -1.2
v -0.8 3.4 -1.2
v -0.7 3.2 -1.2
v -0.7 3.3 -1.2
v -0.7 3.4 -1.2
v -0.6 3.2 -1.2
v -0.6 3.3 -1.2
v -1.1 3.3 -1.3
v -1.1 3.4 -1.3
v -1 3.3 -1.3
v -1 3.4 -1.3
v -0.7 3.3 -1.3
v -0.7 3.4 -1.3
v -0.6 3.3 -1.3
v -0.6 3.4 -1.3
v -1.4 1.8 -1.5
v -1.4 1.9 -1.5
v -1.4 2 -1.5
v -1.4 2.1 -1.5
v -1.4 2.2 -1.5
v -1.4 2.3 -1.5
v -1.4 2.4 -1.5
v -1.4 2.5 -1.5
v -1.3 1.9 -1.5
v -1.3 2 -1.5
v -1.3 2.1 -1.5
v -1.3 2.2 -1.5
v -1.3 2.5 -1.5
v -1.3 2.6 -1.5
v -1.2 1.8 -1.5
v -1.2 1.9 -1.5
v -1.2 2 -1.5
v -1.2 2.1 -1.5
v -1.2 2.2 -1.5
v -1.2 2.3 -1.5
v -1.2 2.4 -1.5
v -1.2 2.5 -1.5
v -1.2 2.6 -1.5
v -1.1 1.8 -1.5
v -1.1 1.9 -1.5
v -1.1 2.2 -1.5
v -1.1 2.3 -1.5
v -1.1 2.4 -1.5
v -1.1 2.5 -1.5
v -1 1.8 -1.5
v -1 1.9 -1.5
v -1 2.2 -1.5
v -1 2.3 -1.5
v -1 2.4 -1.5
v -1 2.5 -1.5
v -0.9 1.8 -1.5
v -0.9 1.9 -1.5
v -0.9 2 -1.5
v -0.9 2.1 -1.5
v -0.9 2.2 -1.5
v -0.9 2.3 -1.5
v -0.9 2.4 -1.5
v -0.9 2.5 -1.5
v -0.9 2.6 -1.5
v -0.8 1.9 -1.5
v -0.8 2 -1.5
v -0.8 2.1 -1.5
v -0.8 2.2 -1.5
v -0.8 2.5 -1.5
v -0.8 2.6 -1.5
v -0.7 1.9 -1.5
v -0.7 2 -1.5
v -0.7 2.1 -1.5
v -0.7 2.2 -1.5
v -0.7 2.5 -1.5
v -0.7 2.6 -1.5
v -0.6 1.8 -1.5
v -0.6 1.9 -1.5
v -0.6 2 -1.5
v -0.6 2.1 -1.5
v -0.6 2.2 -1.5
v -0.6 2.3 -1.5
v -0.6 2.4 -1.5
v -0.6 2.5 -1.5
v -0.6 2.6 -1.5
v -0.5 1.8 -1.5
v -0.5 1.9 -1.5
v -0.5 2.2 -1.5
v -0.5 2.3 -1.5
v -0.5 2.4 -1.5
v -0.5 2.5 -1.5
v -0.4 1.8 -1.5
v -0.4 1.9 -1.5
v -0.4 2.2 -1.5
v -0.4 2.3 -1.5
v -0.4 2.4 -1.5
v -0.4 2.5 -1.5
v -0.3 1.8 -1.5
v -0.3 1.9 -1.5
v -0.3 2 -1.5
v -0.3 2.1 -1.5
v -0.3 2.2 -1.5
v -0.3 2.3 -1.5
v -0.3 2.4 -1.5
v -0.3 2.5 -1.5
v -0.3 2.6 -1.5
v -0.4 2.5 -0.600001
v -0.4 2.6 -0.600001
v -0.3 2.5 -0.600001
v -0.3 2.6 -0.600001
v -1.4 1.8 -0.700001
v -1.4 1.9 -0.700001
v -1.4 2 -0.700001
v -1.4 2.1 -0.700001
v -1.4 2.2 -0.700001
v -1.4 2.3 -0.700001
v -1.4 2.4 -0.700001
v -1.4 2.6 -0.700001
v -1.3 1.8 -0.700001
v -1.3 1.9 -0.700001
v -1.3 2 -0.700001
v -1.3 2.1 -0.700001
v -1.3 2.2 -0.700001
v -1.2 1.8 -0.700001
v -1.2 1.9 -0.700001
v -1.2 2 -0.700001
v -1.2 2.1 -0.700001
v -1.1 1.9 -0.700001
v -1.1 2 -0.700001
v -1.1 2.1 -0.700001
v -1.1 2.3 -0.700001
v -1 2.1 -0.700001
v -1 2.3 -0.700001
v -0.7 2.1 -0.700001
v -0.7 2.2 -0.700001
v -0.7 2.3 -0.700001
v -0.6 2 -0.700001
v -0.6 2.1 -0.700001
v -0.6 2.2 -0.700001
v -0.6 2.3 -0.700001
v -0.5 2 -0.700001
v -0.5 2.1 -0.700001
v -0.4 2.5 -0.700001
v -0.4 2.6 -0.700001
v -0.3 1.8 -0.700001
v -0.3 1.9 -0.700001
v -0.3 2 -0.700001
v -0.3 2.1 -0.700001
v -0.3 2.2 -0.700001
v -0.3 2.5 -0.700001
v -1.4 2.1 -0.800001
v -1.4 2.2 -0.800001
v -1.3 1.8 -0.800001
v -1.3 1.9 -0.800001
v -1.3 2 -0.800001
v -1.3 2.1 -0.800001
v -1.3 2.2 -0.800001
v -1.2 1.8 -0.800001
v -1.2 1.9 -0.800001
v -1.2 2 -0.800001
v -1.2 2.1 -0.800001
v -1.1 1.9 -0.800001
v -1.1 2 -0.800001
v -1.1 3.3 -0.800001
v -1.1 3.4 -0.800001
v -1 3.3 -0.800001
v -1 3.4 -0.800001
v -0.7 2.1 -0.800001
v -0.7 2.2 -0.800001
v -0.7 3.3 -0.800001
v -0.7 3.4 -0.800001
v -0.6 2 -0.800001
v -0.6 2.1 -0.800001
v -0.6 2.2 -0.800001
v -0.6 3.3 -0.800001
v -0.6 3.4 -0.800001
v -0.5 2 -0.800001
v -0.5 2.1 -0.800001
v -1.4 1.9 -0.900001
v -1.4 2 -0.900001
v -1.3 1.9 -0.900001
v -1.3 2 -0.900001
v -1.1 3.2 -0.900001
v -1.1 3.3 -0.900001
v -1 3.2 -0.900001
v -1 3.3 -0.900001
v -0.7 3.2 -0.900001
v -0.7 3.3 -0.900001
v -0.6 3.2 -0.900001
v -0.6 3.3 -0.900001
v -1.2 3.3 -1
v -1.2 3.4 -1
v -1 2.8 -1
v -1 2.9 -1
v -1 3.2 -1
v -1 3.3 -1
v -0.9 2.8 -1
v -0.9 2.9 -1
v -0.9 3.2 -1
v -0.9 3.3 -1
v -0.9 3.4 -1
v -0.8 3.2 -1
v -0.8 3.3 -1
v -0.8 3.4 -1
v -0.7 2.8 -1
v -0.7 2.9 -1
v -0.7 3.2 -1
v -0.7 3.3 -1
v -0.5 3.3 -1
v -0.5 3.4 -1
v -1.1 3.1 -1.1
v -1.1 3.2 -1.1
v -1 2.9 -1.1
v -1 3 -1.1
v -1 3.1 -1.1
v -1 3.2 -1.1
v -0.9 2.9 -1.1
v -0.9 3 -1.1
v -0.9 3.1 -1.1
v -0.9 3.2 -1.1
v -0.9 3.3 -1.1
v -0.8 2.9 -1.1
v -0.8 3 -1.1
v -0.8 3.1 -1.1
v -0.8 3.2 -1.1
v -0.8 3.3 -1.1
v -0.7 2.9 -1.1
v -0.7 3 -1.1
v -0.7 3.1 -1.1
v -0.7 3.2 -1.1
v -0.6 3.1 -1.1
v -0.6 3.2 -1.1
v -1.8 1 -1.2
v -1.8 1.1 -1.2
v -1.7 0.8 -1.2
v -1.7 1 -1.2
v -1.7 1.1 -1.2
v -1.7 1.5 -1.2
v -1.6 1.5 -1.2
v -1.6 1.6 -1.2
v -1.5 1.6 -1.2
v -1.4 0.8 -1.2
v -1.4 0.9 -1.2
v -1.4 1 -1.2
v -1.4 1.1 -1.2
v -1.4 1.3 -1.2
v -1.4 1.4 -1.2
v -1.4 1.6 -1.2
v -1.3 2.5 -1.2
v -1.3 2.6 -1.2
v -1.2 0.6 -1.2
v -1.2 0.7 -1.2
v -1.2 0.9 -1.2
v -1.2 2.5 -1.2
v -1.2 2.6 -1.2
v -1.1 3.3 -1.2
v -1.1 3.4 -1.2
v -1 3 -1.2
v -1 3.1 -1.2
v -1 3.2 -1.2
v -1 3.3 -1.2
v -1 3.4 -1.2
v -0.9 0.6 -1.2
v -0.9 0.7 -1.2
v -0.9 0.9 -1.2
v -0.9 2.9 -1.2
v -0.9 3 -1.2
v -0.9 3.1 -1.2
v -0.9 3.2 -1.2
v -0.9 3.3 -1.2
v -0.8 0.6 -1.2
v -0.8 0.7 -1.2
v -0.8 0.9 -1.2
v -0.8 2.9 -1.2
v -0.8 3 -1.2
v -0.8 3.1 -1.2
v -0.8 3.2 -1.2
v -0.8 3.3 -1.2
v -0.7 3 -1.2
v -0.7 3.1 -1.2
v -0.7 3.2 -1.2
v -0.7 3.3 -1.2
v -0.7 3.4 -1.2
v -0.6 3.3 -1.2
v -0.6 3.4 -1.2
v -0.5 0.6 -1.2
v -0.5 0.7 -1.2
v -0.5 0.9 -1.2
v -0.4 1 -1.2
v -0.4 1.1 -1.2
v -0.3 0.8 -1.2
v -0.3 0.9 -1.2
v -0.3 1 -1.2
v -0.3 1.1 -1.2
v -0.3 1.3 -1.2
v -0.3 1.4 -1.2
v -0.3 1.6 -1.2
v -0.2 1.6 -1.2
v -0.0999995 1.5 -1.2
v -0.0999995 1.6 -1.2
v 3.57628e-07 0.8 -1.2
v 3.57628e-07 1 -1.2
v 3.57628e-07 1.1 -1.2
v 3.57628e-07 1.5 -1.2
v 0.1 1 -1.2
v 0.1 1.1 -1.2
v -1.7 1 -1.3
v -1.7 1.1 -1.3
v -1.4 1 -1.3
v -1.4 1.1 -1.3
v -1.3 2.8 -1.3
v -1.3 2.9 -1.3
v -1.2 2.5 -1.3
v -1.2 2.6 -1.3
v -1.2 2.8 -1.3
v -1.2 2.9 -1.3
v -1.2 3.3 -1.3
v -1.2 3.4 -1.3
v -1.1 2.5 -1.3
v -1.1 2.6 -1.3
v -1.1 3.2 -1.3
v -1.1 3.3 -1.3
v -1.1 3.4 -1.3
v -1 3.2 -1.3
v -1 3.3 -1.3
v -0.9 3.1 -1.3
v -0.9 3.2 -1.3
v -0.8 3.1 -1.3
v -0.8 3.2 -1.3
v -0.7 3.2 -1.3
v -0.7 3.3 -1.3
v -0.6 3.2 -1.3
v -0.6 3.3 -1.3
v -0.6 3.4 -1.3
v -0.5 2.8 -1.3
v -0.5 2.9 -1.3
v -0.5 3.3 -1.3
v -0.5 3.4 -1.3
v -0.4 2.8 -1.3
v -0.4 2.9 -1.3
v -0.3 1 -1.3
v -0.3 1.1 -1.3
v 3.57628e-07 1 -1.3
v 3.57628e-07 1.1 -1.3
v -1.4 0.9 -1.4
v -1.4 1 -1.4
v -1.4 2.7 -1.4
v -1.4 2.8 -1.4
v -1.3 0.9 -1.4
v -1.3 1 -1.4
v -1.3 1.1 -1.4
v -1.3 1.3 -1.4
v -1.3 1.4 -1.4
v -1.3 2.7 -1.4
v -1.3 2.8 -1.4
v -1.2 2.8 -1.4
v -1.2 2.9 -1.4
v -1.1 2.8 -1.4
v -1.1 2.9 -1.4
v -1.1 3.3 -1.4
v -1.1 3.4 -1.4
v -1 2.8 -1.4
v -1 2.9 -1.4
v -0.9 2.8 -1.4
v -0.9 2.9 -1.4
v -0.9 3.3 -1.4
v -0.9 3.4 -1.4
v -0.8 2.8 -1.4
v -0.8 2.9 -1.4
v -0.8 3.3 -1.4
v -0.8 3.4 -1.4
v -0.7 2.8 -1.4
v -0.7 2.9 -1.4
v -0.6 3.3 -1.4
v -0.6 3.4 -1.4
v -0.5 2.8 -1.4
v -0.5 2.9 -1.4
v -0.4 0.9 -1.4
v -0.4 1 -1.4
v -0.4 1.1 -1.4
v -0.4 1.3 -1.4
v -0.4 1.4 -1.4
v -0.4 2.7 -1.4
v -0.4 2.8 -1.4
v -0.3 0.9 -1.4
v -0.3 1 -1.4
v -0.3 2.7 -1.4
v -0.3 2.8 -1.4
v -1.5 2.6 -1.5
v -1.5 2.7 -1.5
v -1.4 1.1 -1.5
v -1.4 1.3 -1.5
v -1.4 1.4 -1.5
v -1.4 1.6 -1.5
v -1.4 2.6 -1.5
v -1.4 2.7 -1.5
v -1.3 0.9 -1.5
v -1.3 1 -1.5
v -1.3 2.7 -1.5
v -1.3 2.8 -1.5
v -1.2 1.6 -1.5
v -1.2 2.7 -1.5
v -1.2 2.8 -1.5
v -1.1 1.6 -1.5
v -1 1.6 -1.5
v -0.9 1.6 -1.5
v -0.9 2.7 -1.5
v -0.9 2.8 -1.5
v -0.8 2.7 -1.5
v -0.8 2.8 -1.5
v -0.7 2.7 -1.5
v -0.6 1.6 -1.5
v -0.5 1.6 -1.5
v -0.4 0.9 -1.5
v -0.4 1 -1.5
v -0.4 1.6 -1.5
v -0.4 2.7 -1.5
v -0.4 2.8 -1.5
v -0.3 1.1 -1.5
v -0.3 1.3 -1.5
v -0.3 1.4 -1.5
v -0.3 1.6 -1.5
v -0.3 2.6 -1.5
v -0.3 2.7 -1.5
v -0.2 2.6 -1.5
v -0.2 2.7 -1.5
v -1.5 1.6 -1.6
v -1.5 1.9 -1.6
v -1.5 2 -1.6
v -1.5 2.1 -1.6
v -1.5 2.2 -1.6
v -1.5 2.5 -1.6
v -1.5 2.6 -1.6
v -1.4 1.9 -1.6
v -1.4 2 -1.6
v -1.4 2.1 -1.6
v -1.4 2.2 -1.6
v -1.4 2.5 -1.6
v -1.4 2.6 -1.6
v -1.4 2.7 -1.6
v -1.3 1.9 -1.6
v -1.3 2 -1.6
v -1.3 2.1 -1.6
v -1.3 2.2 -1.6
v -1.3 2.5 -1.6
v -1.3 2.6 -1.6
v -1.3 2.7 -1.6
v -1.2 1.6 -1.6
v -1.2 1.7 -1.6
v -1.2 1.8 -1.6
v -1.2 1.9 -1.6
v -1.2 2 -1.6
v -1.2 2.1 -1.6
v -1.2 2.2 -1.6
v -1.2 2.3 -1.6
v -1.2 2.4 -1.6
v -1.2 2.5 -1.6
v -1.2 2.6 -1.6
v -1.1 1.6 -1.6
v -1.1 1.7 -1.6
v -1.1 1.8 -1.6
v -1.1 1.9 -1.6
v -1.1 2.2 -1.6
v -1.1 2.3 -1.6
v -1.1 2.4 -1.6
v -1.1 2.5 -1.6
v -1 1.6 -1.6
v -1 1.7 -1.6
v -1 1.8 -1.6
v -1 1.9 -1.6
v -1 2.2 -1.6
v -1 2.3 -1.6
v -1 2.4 -1.6
v -1 2.5 -1.6
v -0.9 1.6 -1.6
v -0.9 1.7 -1.6
v -0.9 1.8 -1.6
v -0.9 1.9 -1.6
v -0.9 2 -1.6
v -0.9 2.1 -1.6
v -0.9 2.2 -1.6
v -0.9 2.3 -1.6
v -0.9 2.4 -1.6
v -0.9 2.5 -1.6
v -0.9 2.6 -1.6
v -0.8 1.9 -1.6
v -0.8 2 -1.6
v -0.8 2.1 -1.6
v -0.8 2.2 -1.6
v -0.8 2.5 -1.6
v -0.8 2.6 -1.6
v -0.8 2.7 -1.6
v -0.7 1.9 -1.6
v -0.7 2 -1.6
v -0.7 2.1 -1.6
v -0.7 2.2 -1.6
v -0.7 2.5 -1.6
v -0.7 2.6 -1.6
v -0.7 2.7 -1.6
v -0.6 1.6 -1.6
v -0.6 1.7 -1.6
v -0.6 1.8 -1.6
v -0.6 1.9 -1.6
v -0.6 2 -1.6
v -0.6 2.1 -1.6
v -0.6 2.2 -1.6
v -0.6 2.3 -1.6
v -0.6 2.4 -1.6
v -0.6 2.5 -1.6
v -0.6 2.6 -1.6
v -0.5 1.6 -1.6
v -0.5 1.7 -1.6
v -0.5 1.8 -1.6
v -0.5 1.9 -1.6
v -0.5 2.2 -1.6
v -0.5 2.3 -1.6
v -0.5 2.4 -1.6
v -0.5 2.5 -1.6
v -0.4 1.6 -1.6
v -0.4 1.7 -1.6
v -0.4 1.8 -1.6
v -0.4 1.9 -1.6
v -0.4 2.2 -1.6
v -0.4 2.3 -1.6
v -0.4 2.4 -1.6
v -0.4 2.5 -1.6
v -0.3 1.6 -1.6
v -0.3 1.7 -1.6
v -0.3 1.8 -1.6
v -0.3 1.9 -1.6
v -0.3 2 -1.6
v -0.3 2.1 -1.6
v -0.3 2.2 -1.6
v -0.3 2.3 -1.6
v -0.3 2.4 -1.6
v -0.3 2.5 -1.6
v -0.3 2.6 -1.6
v -0.3 2.7 -1.6
v -0.2 1.6 -1.6
v -0.2 1.9 -1.6
v -0.2 2 -1.6
v -0.2 2.1 -1.6
v -0.2 2.2 -1.6
v -0.2 2.5 -1.6
v -0.2 2.6 -1.6
v -1.2 0.6 -0.900001
v -0.9 0.6 -0.900001
v -0.8 0.6 -0.900001
v -0.5 0.6 -0.900001
v -1.2 0.6 -1.2
v -0.9 0.6 -1.2
v -0.8 0.6 -1.2
v -0.5 0.6 -1.2
v -1.7 0.8 -0.900001
v -1.4 0.8 -0.900001
v -0.3 0.8 -0.900001
v 3.57628e-07 0.8 -0.900001
v -1.7 0.8 -1.2
v -1.4 0.8 -1.2
v -0.3 0.8 -1.2
v 3.57628e-07 0.8 -1.2
v -1.3 0.9 -0.600001
v -0.4 0.9 -0.600001
v -1.4 0.9 -0.700001
v -1.3 0.9 -0.700001
v -0.4 0.9 -0.700001
v -0.3 0.9 -0.700001
v -1.4 0.9 -0.900001
v -1.2 0.9 -0.900001
v -0.9 0.9 -0.900001
v -0.8 0.9 -0.900001
v -0.5 0.9 -0.900001
v -0.3 0.9 -0.900001
v -1.4 0.9 -1.2
v -1.2 0.9 -1.2
v -0.9 0.9 -1.2
v -0.8 0.9 -1.2
v -0.5 0.9 -1.2
v -0.3 0.9 -1.2
v -1.4 0.9 -1.4
v -1.3 0.9 -1.4
v -0.4 0.9 -1.4
v -0.3 0.9 -1.4
v -1.3 0.9 -1.5
v -0.4 0.9 -1.5
v -1.7 1 -0.800001
v -1.4 1 -0.800001
v -0.3 1 -0.800001
v 3.57628e-07 1 -0.800001
v -1.8 1 -0.900001
v -1.7 1 -0.900001
v -1.4 1 -0.900001
v -0.3 1 -0.900001
v 3.57628e-07 1 -0.900001
v 0.1 1 -0.900001
v -1.8 1 -1.2
v -1.7 1 -1.2
v -1.4 1 -1.2
v -0.3 1 -1.2
v 3.57628e-07 1 -1.2
v 0.1 1 -1.2
v -1.7 1 -1.3
v -1.4 1 -1.3
v -0.3 1 -1.3
v 3.57628e-07 1 -1.3
v -1.4 1.1 -0.600001
v -0.3 1.1 -0.600001
v -1.3 1.1 -0.700001
v -0.4 1.1 -0.700001
v -1.4 1.1 -0.800001
v -1.3 1.1 -0.800001
v -0.4 1.1 -0.800001
v -0.3 1.1 -0.800001
v -1.4 1.1 -0.900001
v -0.3 1.1 -0.900001
v -0.4 1.1 -1.1
v -0.3 1.1 -1.1
v -1.4 1.1 -1.2
v -0.4 1.1 -1.2
v -0.3 1.1 -1.2
v -1.4 1.1 -1.3
v -0.3 1.1 -1.3
v -1.3 1.1 -1.4
v -0.4 1.1 -1.4
v -1.4 1.1 -1.5
v -0.3 1.1 -1.5
v -1.4 1.4 -0.600001
v -0.3 1.4 -0.600001
v -1.3 1.4 -0.700001
v -0.4 1.4 -0.700001
v -1.4 1.4 -0.900001
v -0.3 1.4 -0.900001
v -1.4 1.4 -1.2
v -0.3 1.4 -1.2
v -1.3 1.4 -1.4
v -0.4 1.4 -1.4
v -1.4 1.4 -1.5
v -0.3 1.4 -1.5
v -1.5 1.6 -0.500001
v -1.4 1.6 -0.500001
v -1.3 1.6 -0.500001
v -1.2 1.6 -0.500001
v -1.1 1.6 -0.500001
v -0.8 1.6 -0.500001
v -0.7 1.6 -0.500001
v -0.6 1.6 -0.500001
v -0.5 1.6 -0.500001
v -0.2 1.6 -0.500001
v -1.5 1.6 -0.600001
v -1.4 1.6 -0.600001
v -1.3 1.6 -0.600001
v -1.2 1.6 -0.600001
v -1.1 1.6 -0.600001
v -0.8 1.6 -0.600001
v -0.7 1.6 -0.600001
v -0.6 1.6 -0.600001
v -0.5 1.6 -0.600001
v -0.3 1.6 -0.600001
v -0.2 1.6 -0.600001
v -1.5 1.6 -0.700001
v -1.4 1.6 -0.700001
v -0.3 1.6 -0.700001
v -0.2 1.6 -0.700001
v -1.5 1.6 -0.800001
v -1.4 1.6 -0.800001
v -1.5 1.6 -0.900001
v -1.4 1.6 -0.900001
v -0.3 1.6 -0.900001
v -0.2 1.6 -0.900001
v -1.5 1.6 -1.2
v -1.4 1.6 -1.2
v -0.3 1.6 -1.2
v -0.2 1.6 -1.2
v -1.5 1.6 -1.3
v -1.4 1.6 -1.3
v -0.3 1.6 -1.3
v -0.2 1.6 -1.3
v -1.5 1.6 -1.4
v -1.4 1.6 -1.4
v -1.5 1.6 -1.5
v -1.4 1.6 -1.5
v -1.2 1.6 -1.5
v -1.1 1.6 -1.5
v -1 1.6 -1.5
v -0.9 1.6 -1.5
v -0.6 1.6 -1.5
v -0.5 1.6 -1.5
v -0.4 1.6 -1.5
v -0.3 1.6 -1.5
v -1.5 1.6 -1.6
v -1.2 1.6 -1.6
v -1.1 1.6 -1.6
v -1 1.6 -1.6
v -0.9 1.6 -1.6
v -0.6 1.6 -1.6
v -0.5 1.6 -1.6
v -0.4 1.6 -1.6
v -0.3 1.6 -1.6
v -0.2 1.6 -1.6
v -1.4 1.9 -0.700001
v -1.3 1.9 -0.700001
v -1.2 1.9 -0.700001
v -1.1 1.9 -0.700001
v -1.4 1.9 -0.800001
v -1.3 1.9 -0.800001
v -1.2 1.9 -0.800001
v -1.1 1.9 -0.800001
v -1.4 1.9 -0.900001
v -1.3 1.9 -0.900001
v -1.3 2 -0.700001
v -1.2 2 -0.700001
v -0.6 2 -0.700001
v -0.5 2 -0.700001
v -1.3 2 -0.800001
v -1.2 2 -0.800001
v -0.6 2 -0.800001
v -0.5 2 -0.800001
v -1.4 2.1 -0.700001
v -1.3 2.1 -0.700001
v -0.7 2.1 -0.700001
v -0.6 2.1 -0.700001
v -1.4 2.1 -0.800001
v -1.3 2.1 -0.800001
v -0.7 2.1 -0.800001
v -0.6 2.1 -0.800001
v -1.4 2.5 -0.500001
v -1.3 2.5 -0.500001
v -0.4 2.5 -0.500001
v -0.3 2.5 -0.500001
v -1.4 2.5 -0.600001
v -1.3 2.5 -0.600001
v -0.4 2.5 -0.600001
v -0.3 2.5 -0.600001
v -1.4 2.5 -0.900001
v -1.3 2.5 -0.900001
v -1.3 2.5 -1
v -1.2 2.5 -1
v -1.2 2.5 -1.1
v -1.1 2.5 -1.1
v -1.4 2.5 -1.2
v -1.3 2.5 -1.2
v -1.2 2.5 -1.2
v -1.4 2.5 -1.3
v -1.2 2.5 -1.3
v -1.1 2.5 -1.3
v -1.4 2.5 -1.4
v -1.4 2.5 -1.5
v -1.3 2.5 -1.5
v -1.3 2.6 -0.500001
v -1 2.6 -0.500001
v -0.9 2.6 -0.500001
v -0.6 2.6 -0.500001
v -0.5 2.6 -0.500001
v -0.4 2.6 -0.500001
v -1.3 2.6 -0.600001
v -1 2.6 -0.600001
v -0.9 2.6 -0.600001
v -0.6 2.6 -0.600001
v -0.5 2.6 -0.600001
v -0.4 2.6 -0.600001
v -0.3 2.6 -0.600001
v -1.4 2.6 -0.700001
v -0.4 2.6 -0.700001
v -0.3 2.6 -0.700001
v -0.3 2.6 -0.800001
v -1.4 2.6 -0.900001
v -1.3 2.6 -0.900001
v -0.3 2.6 -0.900001
v -1.3 2.6 -1
v -1.2 2.6 -1
v -0.3 2.6 -1
v -1.2 2.6 -1.1
v -1.1 2.6 -1.1
v -1.3 2.6 -1.2
v -1.2 2.6 -1.2
v -1.2 2.6 -1.3
v -1.1 2.6 -1.3
v -0.3 2.6 -1.3
v -0.3 2.6 -1.4
v -1.3 2.6 -1.5
v -1.2 2.6 -1.5
v -0.9 2.6 -1.5
v -0.8 2.6 -1.5
v -0.7 2.6 -1.5
v -0.6 2.6 -1.5
v -0.3 2.6 -1.5
v -1 2.9 -1
v -0.9 2.9 -1
v -0.7 2.9 -1
v -1 2.9 -1.1
v -0.9 2.9 -1.1
v -0.7 2.9 -1.1
v -1 3 -0.900001
v -0.9 3 -0.900001
v -0.8 3 -0.900001
v -0.7 3 -0.900001
v -1 3 -1
v -0.9 3 -1
v -0.8 3 -1
v -0.7 3 -1
v -1 3 -1.1
v -0.9 3 -1.1
v -0.8 3 -1.1
v -0.7 3 -1.1
v -1 3 -1.2
v -0.9 3 -1.2
v -0.8 3 -1.2
v -0.7 3 -1.2
v -0.9 3.1 -0.800001
v -0.8 3.1 -0.800001
v -0.9 3.1 -0.900001
v -0.8 3.1 -0.900001
v -1.1 3.1 -1
v -1 3.1 -1
v -0.7 3.1 -1
v -0.6 3.1 -1
v -1.1 3.1 -1.1
v -1 3.1 -1.1
v -0.7 3.1 -1.1
v -0.6 3.1 -1.1
v -0.9 3.1 -1.2
v -0.8 3.1 -1.2
v -0.9 3.1 -1.3
v -0.8 3.1 -1.3
v -1.1 3.2 -0.800001
v -1 3.2 -0.800001
v -0.7 3.2 -0.800001
v -0.6 3.2 -0.800001
v -1.1 3.2 -0.900001
v -1 3.2 -0.900001
v -0.9 3.2 -0.900001
v -0.8 3.2 -0.900001
v -0.7 3.2 -0.900001
v -0.6 3.2 -0.900001
v -1 3.2 -1
v -0.9 3.2 -1
v -0.8 3.2 -1
v -0.7 3.2 -1
v -1 3.2 -1.1
v -0.9 3.2 -1.1
v -0.8 3.2 -1.1
v -0.7 3.2 -1.1
v -1.1 3.2 -1.2
v -1 3.2 -1.2
v -0.9 3.2 -1.2
v -0.8 3.2 -1.2
v -0.7 3.2 -1.2
v -0.6 3.2 -1.2
v -1.1 3.2 -1.3
v -1 3.2 -1.3
v -0.7 3.2 -1.3
v -0.6 3.2 -1.3
v -1.1 3.3 -0.700001
v -0.9 3.3 -0.700001
v -0.8 3.3 -0.700001
v -0.6 3.3 -0.700001
v -1.2 3.3 -0.800001
v -1.1 3.3 -0.800001
v -1 3.3 -0.800001
v -0.7 3.3 -0.800001
v -0.6 3.3 -0.800001
v -0.5 3.3 -0.800001
v -1.1 3.3 -0.900001
v -1 3.3 -0.900001
v -0.9 3.3 -0.900001
v -0.8 3.3 -0.900001
v -0.7 3.3 -0.900001
v -0.6 3.3 -0.900001
v -1.2 3.3 -1
v -1 3.3 -1
v -0.7 3.3 -1
v -0.5 3.3 -1
v -1.2 3.3 -1.1
v -1 3.3 -1.1
v -0.7 3.3 -1.1
v -0.5 3.3 -1.1
v -1.1 3.3 -1.2
v -1 3.3 -1.2
v -0.9 3.3 -1.2
v -0.8 3.3 -1.2
v -0.7 3.3 -1.2
v -0.6 3.3 -1.2
v -1.2 3.3 -1.3
v -1.1 3.3 -1.3
v -1 3.3 -1.3
v -0.7 3.3 -1.3
v -0.6 3.3 -1.3
v -0.5 3.3 -1.3
v -1.1 3.3 -1.4
v -0.9 3.3 -1.4
v -0.8 3.3 -1.4
v -0.6 3.3 -1.4
v -1.3 1 -0.600001
v -0.4 1 -0.600001
v -1.4 1 -0.700001
v -1.3 1 -0.700001
v -0.4 1 -0.700001
v -0.3 1 -0.700001
v -1.4 1 -0.800001
v -1.3 1 -0.800001
v -0.4 1 -0.800001
v -0.3 1 -0.800001
v -1.4 1 -0.900001
v -0.3 1 -0.900001
v -0.4 1 -1.1
v -0.3 1 -1.1
v -1.4 1 -1.2
v -0.4 1 -1.2
v -0.3 1 -1.2
v -1.4 1 -1.3
v -0.3 1 -1.3
v -1.4 1 -1.4
v -1.3 1 -1.4
v -0.4 1 -1.4
v -0.3 1 -1.4
v -1.3 1 -1.5
v -0.4 1 -1.5
v -1.7 1.1 -0.800001
v -1.4 1.1 -0.800001
v -0.3 1.1 -0.800001
v 3.57628e-07 1.1 -0.800001
v -1.8 1.1 -0.900001
v -1.7 1.1 -0.900001
v -1.4 1.1 -0.900001
v -0.3 1.1 -0.900001
v 3.57628e-07 1.1 -0.900001
v 0.1 1.1 -0.900001
v -1.8 1.1 -1.2
v -1.7 1.1 -1.2
v -1.4 1.1 -1.2
v -0.3 1.1 -1.2
v 3.57628e-07 1.1 -1.2
v 0.1 1.1 -1.2
v -1.7 1.1 -1.3
v -1.4 1.1 -1.3
v -0.3 1.1 -1.3
v 3.57628e-07 1.1 -1.3
v -1.4 1.3 -0.600001
v -0.3 1.3 -0.600001
v -1.3 1.3 -0.700001
v -0.4 1.3 -0.700001
v -1.4 1.3 -0.900001
v -0.3 1.3 -0.900001
v -1.4 1.3 -1.2
v -0.3 1.3 -1.2
v -1.3 1.3 -1.4
v -0.4 1.3 -1.4
v -1.4 1.3 -1.5
v -0.3 1.3 -1.5
v -1.7 1.5 -0.900001
v -1.6 1.5 -0.900001
v -0.0999995 1.5 -0.900001
v 3.57628e-07 1.5 -0.900001
v -0.0999995 1.5 -1
v -0.0999995 1.5 -1.1
v -1.7 1.5 -1.2
v -1.6 1.5 -1.2
v -0.0999995 1.5 -1.2
v 3.57628e-07 1.5 -1.2
v -1.6 1.6 -0.900001
v -1.5 1.6 -0.900001
v -0.2 1.6 -0.900001
v -0.0999995 1.6 -0.900001
v -0.2 1.6 -1
v -0.0999995 1.6 -1
v -0.2 1.6 -1.1
v -0.0999995 1.6 -1.1
v -1.6 1.6 -1.2
v -1.5 1.6 -1.2
v -0.2 1.6 -1.2
v -0.0999995 1.6 -1.2
v -1.3 1.8 -0.500001
v -1.2 1.8 -0.500001
v -0.7 1.8 -0.500001
v -0.6 1.8 -0.500001
v -0.4 1.8 -0.500001
v -1.3 1.8 -0.600001
v -1.2 1.8 -0.600001
v -0.7 1.8 -0.600001
v -0.6 1.8 -0.600001
v -0.4 1.8 -0.600001
v -1.4 1.8 -0.700001
v -1.3 1.8 -0.700001
v -1.2 1.8 -0.700001
v -0.3 1.8 -0.700001
v -1.4 1.8 -0.800001
v -1.3 1.8 -0.800001
v -1.2 1.8 -0.800001
v -1.4 1.8 -0.900001
v -0.3 1.8 -1
v -0.3 1.8 -1.1
v -1.4 1.8 -1.2
v -0.3 1.8 -1.2
v -1.4 1.8 -1.3
v -0.3 1.8 -1.3
v -1.4 1.8 -1.4
v -1.4 1.8 -1.5
v -1.2 1.8 -1.5
v -1.1 1.8 -1.5
v -1 1.8 -1.5
v -0.9 1.8 -1.5
v -0.6 1.8 -1.5
v -0.5 1.8 -1.5
v -0.4 1.8 -1.5
v -0.3 1.8 -1.5
v -1.4 1.9 -0.500001
v -1.3 1.9 -0.500001
v -0.4 1.9 -0.500001
v -0.3 1.9 -0.500001
v -1.4 1.9 -0.600001
v -1.3 1.9 -0.600001
v -0.4 1.9 -0.600001
v -0.3 1.9 -0.600001
v -1.3 1.9 -0.700001
v -1.2 1.9 -0.700001
v -1.3 1.9 -0.800001
v -1.2 1.9 -0.800001
v -1.4 2 -0.700001
v -1.3 2 -0.700001
v -1.2 2 -0.700001
v -1.1 2 -0.700001
v -1.3 2 -0.800001
v -1.2 2 -0.800001
v -1.1 2 -0.800001
v -1.4 2 -0.900001
v -1.3 2 -0.900001
v -1.3 2.1 -0.700001
v -1.2 2.1 -0.700001
v -0.6 2.1 -0.700001
v -0.5 2.1 -0.700001
v -1.3 2.1 -0.800001
v -1.2 2.1 -0.800001
v -0.6 2.1 -0.800001
v -0.5 2.1 -0.800001
v -1.4 2.2 -0.700001
v -1.3 2.2 -0.700001
v -0.7 2.2 -0.700001
v -0.6 2.2 -0.700001
v -1.4 2.2 -0.800001
v -1.3 2.2 -0.800001
v -0.7 2.2 -0.800001
v -0.6 2.2 -0.800001
v -0.4 2.5 -0.600001
v -0.3 2.5 -0.600001
v -0.4 2.5 -0.700001
v -0.3 2.5 -0.700001
v -1.5 2.6 -0.500001
v -1.4 2.6 -0.500001
v -0.3 2.6 -0.500001
v -0.2 2.6 -0.500001
v -1.5 2.6 -0.600001
v -1.4 2.6 -0.600001
v -0.3 2.6 -0.600001
v -0.2 2.6 -0.600001
v -1.5 2.6 -1.5
v -1.4 2.6 -1.5
v -0.3 2.6 -1.5
v -0.2 2.6 -1.5
v -1.5 2.6 -1.6
v -1.4 2.6 -1.6
v -0.3 2.6 -1.6
v -0.2 2.6 -1.6
v -1.4 2.7 -0.500001
v -1.3 2.7 -0.500001
v -1 2.7 -0.500001
v -0.9 2.7 -0.500001
v -0.6 2.7 -0.500001
v -0.5 2.7 -0.500001
v -0.3 2.7 -0.500001
v -1.5 2.7 -0.600001
v -1.4 2.7 -0.600001
v -1.3 2.7 -0.600001
v -1.2 2.7 -0.600001
v -1.1 2.7 -0.600001
v -1 2.7 -0.600001
v -0.9 2.7 -0.600001
v -0.8 2.7 -0.600001
v -0.7 2.7 -0.600001
v -0.6 2.7 -0.600001
v -0.5 2.7 -0.600001
v -0.4 2.7 -0.600001
v -0.3 2.7 -0.600001
v -0.2 2.7 -0.600001
v -1.4 2.7 -0.700001
v -1.3 2.7 -0.700001
v -0.4 2.7 -0.700001
v -0.3 2.7 -0.700001
v -0.3 2.7 -0.800001
v -0.2 2.7 -0.800001
v -1.4 2.7 -0.900001
v -0.3 2.7 -0.900001
v -0.2 2.7 -0.900001
v -1.5 2.7 -1
v -1.4 2.7 -1
v -0.3 2.7 -1
v -1.5 2.7 -1.1
v -1.4 2.7 -1.1
v -1.4 2.7 -1.2
v -0.3 2.7 -1.3
v -1.4 2.7 -1.4
v -1.3 2.7 -1.4
v -0.4 2.7 -1.4
v -0.3 2.7 -1.4
v -0.2 2.7 -1.4
v -1.5 2.7 -1.5
v -1.4 2.7 -1.5
v -1.3 2.7 -1.5
v -1.2 2.7 -1.5
v -0.9 2.7 -1.5
v -0.8 2.7 -1.5
v -0.7 2.7 -1.5
v -0.4 2.7 -1.5
v -0.3 2.7 -1.5
v -0.2 2.7 -1.5
v -1.4 2.7 -1.6
v -1.3 2.7 -1.6
v -0.8 2.7 -1.6
v -0.7 2.7 -1.6
v -0.3 2.7 -1.6
v -1.3 2.8 -0.600001
v -1.2 2.8 -0.600001
v -1.1 2.8 -0.600001
v -1 2.8 -0.600001
v -0.9 2.8 -0.600001
v -0.8 2.8 -0.600001
v -0.7 2.8 -0.600001
v -0.6 2.8 -0.600001
v -0.5 2.8 -0.600001
v -0.4 2.8 -0.600001
v -1.4 2.8 -0.700001
v -1.3 2.8 -0.700001
v -1.2 2.8 -0.700001
v -1.1 2.8 -0.700001
v -1 2.8 -0.700001
v -0.9 2.8 -0.700001
v -0.8 2.8 -0.700001
v -0.7 2.8 -0.700001
v -0.6 2.8 -0.700001
v -0.5 2.8 -0.700001
v -0.4 2.8 -0.700001
v -0.3 2.8 -0.700001
v -1.3 2.8 -0.800001
v -1.2 2.8 -0.800001
v -0.5 2.8 -0.800001
v -0.4 2.8 -0.800001
v -0.3 2.8 -0.800001
v -1.4 2.8 -0.900001
v -1.3 2.8 -0.900001
v -0.4 2.8 -0.900001
v -0.3 2.8 -0.900001
v -1.4 2.8 -1
v -1.3 2.8 -1
v -1 2.8 -1
v -0.9 2.8 -1
v -0.7 2.8 -1
v -0.4 2.8 -1
v -0.3 2.8 -1
v -1.4 2.8 -1.1
v -1.3 2.8 -1.1
v -1 2.8 -1.1
v -0.9 2.8 -1.1
v -0.7 2.8 -1.1
v -0.4 2.8 -1.1
v -1.4 2.8 -1.2
v -1.3 2.8 -1.2
v -0.4 2.8 -1.2
v -1.3 2.8 -1.3
v -1.2 2.8 -1.3
v -0.5 2.8 -1.3
v -0.4 2.8 -1.3
v -0.3 2.8 -1.3
v -1.4 2.8 -1.4
v -1.3 2.8 -1.4
v -1.2 2.8 -1.4
v -1.1 2.8 -1.4
v -1 2.8 -1.4
v -0.9 2.8 -1.4
v -0.8 2.8 -1.4
v -0.7 2.8 -1.4
v -0.5 2.8 -1.4
v -0.4 2.8 -1.4
v -0.3 2.8 -1.4
v -1.3 2.8 -1.5
v -1.2 2.8 -1.5
v -0.9 2.8 -1.5
v -0.8 2.8 -1.5
v -0.4 2.8 -1.5
v -1.2 2.9 -0.700001
v -1.1 2.9 -0.700001
v -0.8 2.9 -0.700001
v -0.7 2.9 -0.700001
v -0.5 2.9 -0.700001
v -1.3 2.9 -0.800001
v -1.2 2.9 -0.800001
v -1.1 2.9 -0.800001
v -1 2.9 -0.800001
v -0.9 2.9 -0.800001
v -0.8 2.9 -0.800001
v -0.7 2.9 -0.800001
v -0.6 2.9 -0.800001
v -0.5 2.9 -0.800001
v -0.4 2.9 -0.800001
v -1.3 2.9 -0.900001
v -1.2 2.9 -0.900001
v -1.1 2.9 -0.900001
v -1 2.9 -0.900001
v -0.9 2.9 -0.900001
v -0.8 2.9 -0.900001
v -0.7 2.9 -0.900001
v -0.6 2.9 -0.900001
v -0.5 2.9 -0.900001
v -1 2.9 -1
v -0.9 2.9 -1
v -0.8 2.9 -1
v -0.7 2.9 -1
v -0.6 2.9 -1
v -0.5 2.9 -1
v -0.4 2.9 -1
v -1 2.9 -1.1
v -0.9 2.9 -1.1
v -0.8 2.9 -1.1
v -0.7 2.9 -1.1
v -0.6 2.9 -1.1
v -0.5 2.9 -1.1
v -0.4 2.9 -1.1
v -1.3 2.9 -1.2
v -1.2 2.9 -1.2
v -1.1 2.9 -1.2
v -1 2.9 -1.2
v -0.9 2.9 -1.2
v -0.8 2.9 -1.2
v -0.7 2.9 -1.2
v -0.6 2.9 -1.2
v -0.5 2.9 -1.2
v -0.4 2.9 -1.2
v -1.3 2.9 -1.3
v -1.2 2.9 -1.3
v -1.1 2.9 -1.3
v -1 2.9 -1.3
v -0.9 2.9 -1.3
v -0.8 2.9 -1.3
v -0.7 2.9 -1.3
v -0.6 2.9 -1.3
v -0.5 2.9 -1.3
v -0.4 2.9 -1.3
v -1.2 2.9 -1.4
v -1.1 2.9 -1.4
v -1 2.9 -1.4
v -0.9 2.9 -1.4
v -0.8 2.9 -1.4
v -0.7 2.9 -1.4
v -0.5 2.9 -1.4
v -1 3.1 -0.900001
v -0.9 3.1 -0.900001
v -0.8 3.1 -0.900001
v -0.7 3.1 -0.900001
v -1 3.1 -1
v -0.9 3.1 -1
v -0.8 3.1 -1
v -0.7 3.1 -1
v -1 3.1 -1.1
v -0.9 3.1 -1.1
v -0.8 3.1 -1.1
v -0.7 3.1 -1.1
v -1 3.1 -1.2
v -0.9 3.1 -1.2
v -0.8 3.1 -1.2
v -0.7 3.1 -1.2
v -0.9 3.2 -0.800001
v -0.8 3.2 -0.800001
v -0.9 3.2 -0.900001
v -0.8 3.2 -0.900001
v -1.1 3.2 -1
v -1 3.2 -1
v -0.9 3.2 -1
v -0.8 3.2 -1
v -0.7 3.2 -1
v -0.6 3.2 -1
v -1.1 3.2 -1.1
v -1 3.2 -1.1
v -0.9 3.2 -1.1
v -0.8 3.2 -1.1
v -0.7 3.2 -1.1
v -0.6 3.2 -1.1
v -0.9 3.2 -1.2
v -0.8 3.2 -1.2
v -0.9 3.2 -1.3
v -0.8 3.2 -1.3
v -1.1 3.3 -0.800001
v -1 3.3 -0.800001
v -0.7 3.3 -0.800001
v -0.6 3.3 -0.800001
v -1.1 3.3 -0.900001
v -1 3.3 -0.900001
v -0.7 3.3 -0.900001
v -0.6 3.3 -0.900001
v -0.9 3.3 -1
v -0.8 3.3 -1
v -0.9 3.3 -1.1
v -0.8 3.3 -1.1
v -0.7 3.3 -1.1
v -1.1 3.3 -1.2
v -1 3.3 -1.2
v -0.8 3.3 -1.2
v -0.7 3.3 -1.2
v -0.6 3.3 -1.2
v -1.1 3.3 -1.3
v -1 3.3 -1.3
v -0.7 3.3 -1.3
v -0.6 3.3 -1.3
v -1.1 3.4 -0.700001
v -0.9 3.4 -0.700001
v -0.8 3.4 -0.700001
v -0.6 3.4 -0.700001
v -1.2 3.4 -0.800001
v -1.1 3.4 -0.800001
v -1 3.4 -0.800001
v -0.7 3.4 -0.800001
v -0.6 3.4 -0.800001
v -0.5 3.4 -0.800001
v -1.1 3.4 -0.900001
v -1 3.4 -0.900001
v -0.7 3.4 -0.900001
v -0.6 3.4 -0.900001
v -1.2 3.4 -1
v -0.9 3.4 -1
v -0.8 3.4 -1
v -0.5 3.4 -1
v -1.2 3.4 -1.1
v -0.9 3.4 -1.1
v -0.7 3.4 -1.1
v -0.5 3.4 -1.1
v -1.1 3.4 -1.2
v -1 3.4 -1.2
v -0.8 3.4 -1.2
v -0.7 3.4 -1.2
v -0.6 3.4 -1.2
v -1.2 3.4 -1.3
v -1.1 3.4 -1.3
v -1 3.4 -1.3
v -0.7 3.4 -1.3
v -0.6 3.4 -1.3
v -0.5 3.4 -1.3
v -1.1 3.4 -1.4
v -0.9 3.4 -1.4
v -0.8 3.4 -1.4
v -0.6 3.4 -1.4

# faces
f 3/2/1 2/2/1 1/2/1
f 4/2/1 2/2/1 3/2/1
f 8/4/1 6/4/1 5/4/1
f 9/4/1 6/4/1 8/4/1
f 11/2/1 8/2/1 7/2/1
f 12/2/1 8/2/1 11/2/1
f 13/2/1 10/2/1 9/2/1
f 14/2/1 10/2/1 13/2/1
f 15/4/1 13/4/1 12/4/1
f 16/4/1 13/4/1 15/4/1
f 19/4/1 18/4/1 17/4/1
f 20/4/1 18/4/1 19/4/1
f 31/2/1 22/2/1 21/2/1
f 31/1/1 23/1/1 22/1/1
f 32/2/1 24/2/1 23/2/1
f 32/1/1 23/1/1 31/1/1
f 33/1/1 25/1/1 24/1/1
f 33/2/1 24/2/1 32/2/1
f 34/2/1 26/2/1 25/2/1
f 34/1/1 25/1/1 33/1/1
f 35/1/1 27/1/1 26/1/1
f 35/2/1 26/2/1 34/2/1
f 36/2/1 28/2/1 27/2/1
f 36/1/1 27/1/1 35/1/1
f 37/1/1 29/1/1 28/1/1
f 37/2/1 28/2/1 36/2/1
f 38/2/1 30/2/1 29/2/1
f 38/1/1 29/1/1 37/1/1
f 39/2/1 31/2/1 21/2/1
f 39/2/1 32/2/1 31/2/1
f 40/1/1 33/1/1 32/1/1
f 40/2/1 32/2/1 39/2/1
f 41/2/1 36/2/1 35/2/1
f 41/1/1 33/1/1 40/1/1
f 41/2/1 34/2/1 33/2/1
f 41/2/1 35/2/1 34/2/1
f 42/2/1 36/2/1 41/2/1
f 43/2/1 36/2/1 42/2/1
f 44/1/1 37/1/1 36/1/1
f 44/2/1 36/2/1 43/2/1
f 45/2/1 38/2/1 37/2/1
f 45/1/1 37/1/1 44/1/1
f 46/2/1 30/2/1 38/2/1
f 46/2/1 38/2/1 45/2/1
f 47/2/1 39/2/1 21/2/1
f 48/1/1 40/1/1 39/1/1
f 48/2/1 39/2/1 47/2/1
f 49/2/1 41/2/1 40/2/1
f 49/1/1 40/1/1 48/1/1
f 50/1/1 42/1/1 41/1/1
f 50/2/1 41/2/1 49/2/1
f 51/2/1 43/2/1 42/2/1
f 51/1/1 42/1/1 50/1/1
f 52/2/1 43/2/1 51/2/1
f 53/2/1 43/2/1 52/2/1
f 54/1/1 44/1/1 43/1/1
f 54/2/1 43/2/1 53/2/1
f 55/2/1 45/2/1 44/2/1
f 55/1/1 44/1/1 54/1/1
f 56/1/1 46/1/1 45/1/1
f 56/2/1 45/2/1 55/2/1
f 57/2/1 30/2/1 46/2/1
f 57/1/1 46/1/1 56/1/1
f 58/2/1 30/2/1 57/2/1
f 59/1/1 48/1/1 47/1/1
f 60/2/1 50/2/1 49/2/1
f 60/1/1 48/1/1 59/1/1
f 60/2/1 49/2/1 48/2/1
f 60/2/1 51/2/1 50/2/1
f 61/1/1 52/1/1 51/1/1
f 61/2/1 51/2/1 60/2/1
f 62/2/1 53/2/1 52/2/1
f 62/1/1 52/1/1 61/1/1
f 63/1/1 54/1/1 53/1/1
f 63/2/1 53/2/1 62/2/1
f 64/2/1 56/2/1 55/2/1
f 64/1/1 54/1/1 63/1/1
f 64/2/1 55/2/1 54/2/1
f 64/2/1 57/2/1 56/2/1
f 65/1/1 58/1/1 57/1/1
f 65/2/1 57/2/1 64/2/1
f 66/1/1 58/1/1 65/1/1
f 67/2/1 62/2/1 61/2/1
f 67/2/1 61/2/1 60/2/1
f 67/2/1 60/2/1 59/2/1
f 68/2/1 62/2/1 67/2/1
f 69/2/1 62/2/1 68/2/1
f 70/1/1 63/1/1 62/1/1
f 70/2/1 62/2/1 69/2/1
f 71/2/1 66/2/1 65/2/1
f 71/1/1 63/1/1 70/1/1
f 71/2/1 64/2/1 63/2/1
f 71/2/1 65/2/1 64/2/1
f 72/2/1 66/2/1 71/2/1
f 73/2/1 66/2/1 72/2/1
f 74/2/1 66/2/1 73/2/1
f 75/1/1 68/1/1 67/1/1
f 76/2/1 69/2/1 68/2/1
f 76/1/1 68/1/1 75/1/1
f 77/2/1 69/2/1 76/2/1
f 78/2/1 69/2/1 77/2/1
f 79/1/1 70/1/1 69/1/1
f 79/2/1 69/2/1 78/2/1
f 80/2/1 71/2/1 70/2/1
f 80/1/1 70/1/1 79/1/1
f 81/1/1 72/1/1 71/1/1
f 81/2/1 71/2/1 80/2/1
f 82/2/1 73/2/1 72/2/1
f 82/1/1 72/1/1 81/1/1
f 83/2/1 73/2/1 82/2/1
f 84/2/1 73/2/1 83/2/1
f 85/1/1 74/1/1 73/1/1
f 85/2/1 73/2/1 84/2/1
f 86/1/1 74/1/1 85/1/1
f 87/2/1 76/2/1 75/2/1
f 87/1/1 77/1/1 76/1/1
f 88/2/1 78/2/1 77/2/1
f 88/1/1 77/1/1 87/1/1
f 89/1/1 79/1/1 78/1/1
f 89/2/1 78/2/1 88/2/1
f 90/2/1 80/2/1 79/2/1
f 90/1/1 79/1/1 89/1/1
f 90/2/1 81/2/1 80/2/1
f 90/2/1 82/2/1 81/2/1
f 91/1/1 83/1/1 82/1/1
f 91/2/1 82/2/1 90/2/1
f 92/2/1 84/2/1 83/2/1
f 92/1/1 83/1/1 91/1/1
f 93/1/1 85/1/1 84/1/1
f 93/2/1 84/2/1 92/2/1
f 94/2/1 86/2/1 85/2/1
f 94/1/1 85/1/1 93/1/1
f 95/2/1 87/2/1 75/2/1
f 95/2/1 88/2/1 87/2/1
f 96/1/1 89/1/1 88/1/1
f 96/2/1 88/2/1 95/2/1
f 97/2/1 92/2/1 91/2/1
f 97/1/1 89/1/1 96/1/1
f 97/2/1 91/2/1 90/2/1
f 97/2/1 90/2/1 89/2/1
f 98/2/1 92/2/1 97/2/1
f 99/2/1 92/2/1 98/2/1
f 100/1/1 93/1/1 92/1/1
f 100/2/1 92/2/1 99/2/1
f 101/2/1 94/2/1 93/2/1
f 101/1/1 93/1/1 100/1/1
f 102/2/1 86/2/1 94/2/1
f 102/2/1 94/2/1 101/2/1
f 103/2/1 95/2/1 75/2/1
f 104/1/1 96/1/1 95/1/1
f 104/2/1 95/2/1 103/2/1
f 105/2/1 97/2/1 96/2/1
f 105/1/1 96/1/1 104/1/1
f 106/1/1 98/1/1 97/1/1
f 106/2/1 97/2/1 105/2/1
f 107/2/1 99/2/1 98/2/1
f 107/1/1 98/1/1 106/1/1
f 108/2/1 99/2/1 107/2/1
f 109/2/1 99/2/1 108/2/1
f 110/1/1 100/1/1 99/1/1
f 110/2/1 99/2/1 109/2/1
f 111/2/1 101/2/1 100/2/1
f 111/1/1 100/1/1 110/1/1
f 112/1/1 102/1/1 101/1/1
f 112/2/1 101/2/1 111/2/1
f 113/2/1 86/2/1 102/2/1
f 113/1/1 102/1/1 112/1/1
f 114/2/1 86/2/1 113/2/1
f 115/1/1 104/1/1 103/1/1
f 116/2/1 106/2/1 105/2/1
f 116/1/1 104/1/1 115/1/1
f 116/2/1 105/2/1 104/2/1
f 116/2/1 107/2/1 106/2/1
f 117/1/1 108/1/1 107/1/1
f 117/2/1 107/2/1 116/2/1
f 118/2/1 109/2/1 108/2/1
f 118/1/1 108/1/1 117/1/1
f 119/1/1 110/1/1 109/1/1
f 119/2/1 109/2/1 118/2/1
f 120/2/1 112/2/1 111/2/1
f 120/1/1 110/1/1 119/1/1
f 120/2/1 111/2/1 110/2/1
f 120/2/1 113/2/1 112/2/1
f 121/1/1 114/1/1 113/1/1
f 121/2/1 113/2/1 120/2/1
f 122/1/1 114/1/1 121/1/1
f 123/2/1 118/2/1 117/2/1
f 123/2/1 117/2/1 116/2/1
f 124/1/1 119/1/1 118/1/1
f 124/2/1 118/2/1 123/2/1
f 125/2/1 121/2/1 120/2/1
f 125/1/1 119/1/1 124/1/1
f 125/2/1 120/2/1 119/2/1
f 126/2/1 121/2/1 125/2/1
f 131/4/1 128/4/1 127/4/1
f 132/4/1 128/4/1 131/4/1
f 133/4/1 128/4/1 132/4/1
f 134/4/1 130/4/1 129/4/1
f 135/4/1 130/4/1 134/4/1
f 136/4/1 130/4/1 135/4/1
f 143/4/1 138/4/1 137/4/1
f 143/4/1 139/4/1 138/4/1
f 144/4/1 139/4/1 143/4/1
f 145/4/1 141/4/1 140/4/1
f 145/4/1 142/4/1 141/4/1
f 146/4/1 142/4/1 145/4/1
f 151/4/1 148/4/1 147/4/1
f 152/4/1 148/4/1 151/4/1
f 153/4/1 148/4/1 152/4/1
f 154/4/1 148/4/1 153/4/1
f 155/4/1 150/4/1 149/4/1
f 156/4/1 150/4/1 155/4/1
f 157/4/1 150/4/1 156/4/1
f 158/4/1 150/4/1 157/4/1
f 163/1/1 160/1/1 159/1/1
f 164/1/1 160/1/1 163/1/1
f 171/1/1 162/1/1 161/1/1
f 172/1/1 162/1/1 171/1/1
f 173/2/1 166/2/1 165/2/1
f 174/1/1 167/1/1 166/1/1
f 174/2/1 166/2/1 173/2/1
f 175/2/1 168/2/1 167/2/1
f 175/1/1 167/1/1 174/1/1
f 176/1/1 169/1/1 168/1/1
f 176/2/1 168/2/1 175/2/1
f 177/2/1 170/2/1 169/2/1
f 177/1/1 169/1/1 176/1/1
f 178/2/1 170/2/1 177/2/1
f 183/4/1 180/4/1 179/4/1
f 184/4/1 180/4/1 183/4/1
f 186/4/1 182/4/1 181/4/1
f 187/4/1 182/4/1 186/4/1
f 188/2/1 185/2/1 184/2/1
f 189/4/1 186/4/1 185/4/1
f 189/2/1 185/2/1 188/2/1
f 190/4/1 186/4/1 189/4/1
f 193/2/1 192/2/1 191/2/1
f 194/2/1 192/2/1 193/2/1
f 197/2/1 196/2/1 195/2/1
f 198/2/1 196/2/1 197/2/1
f 201/2/1 200/2/1 199/2/1
f 202/2/1 200/2/1 201/2/1
f 207/1/1 204/1/1 203/1/1
f 208/1/1 204/1/1 207/1/1
f 215/1/1 206/1/1 205/1/1
f 216/1/1 206/1/1 215/1/1
f 217/1/1 210/1/1 209/1/1
f 218/2/1 211/2/1 210/2/1
f 218/1/1 210/1/1 217/1/1
f 218/2/1 212/2/1 211/2/1
f 218/2/1 213/2/1 212/2/1
f 219/1/1 214/1/1 213/1/1
f 219/2/1 213/2/1 218/2/1
f 220/1/1 214/1/1 219/1/1
f 223/3/1 222/3/1 221/3/1
f 224/3/1 222/3/1 223/3/1
f 225/4/1 224/4/1 223/4/1
f 226/4/1 224/4/1 225/4/1
f 229/2/1 228/2/1 227/2/1
f 230/2/1 228/2/1 229/2/1
f 233/2/1 232/2/1 231/2/1
f 234/2/1 232/2/1 233/2/1
f 239/1/1 236/1/1 235/1/1
f 240/1/1 236/1/1 239/1/1
f 241/1/1 238/1/1 237/1/1
f 242/1/1 238/1/1 241/1/1
f 247/3/1 244/3/1 243/3/1
f 248/3/1 244/3/1 247/3/1
f 249/3/1 246/3/1 245/3/1
f 250/3/1 246/3/1 249/3/1
f 255/3/1 252/3/1 251/3/1
f 256/3/1 252/3/1 255/3/1
f 260/3/1 254/3/1 253/3/1
f 261/3/1 254/3/1 260/3/1
f 262/3/1 258/3/1 257/3/1
f 263/3/1 258/3/1 262/3/1
f 265/3/1 260/3/1 259/3/1
f 266/3/1 260/3/1 265/3/1
f 267/3/1 264/3/1 263/3/1
f 268/3/1 264/3/1 267/3/1
f 272/3/1 270/3/1 269/3/1
f 273/3/1 270/3/1 272/3/1
f 275/3/1 272/3/1 271/3/1
f 275/3/1 274/3/1 273/3/1
f 275/3/1 273/3/1 272/3/1
f 276/3/1 274/3/1 275/3/1
f 277/3/1 274/3/1 276/3/1
f 278/3/1 274/3/1 277/3/1
f 284/3/1 280/3/1 279/3/1
f 285/3/1 280/3/1 284/3/1
f 286/3/1 282/3/1 281/3/1
f 287/3/1 282/3/1 286/3/1
f 289/3/1 284/3/1 283/3/1
f 290/3/1 284/3/1 289/3/1
f 291/3/1 288/3/1 287/3/1
f 292/3/1 288/3/1 291/3/1
f 297/3/1 294/3/1 293/3/1
f 298/3/1 294/3/1 297/3/1
f 299/3/1 296/3/1 295/3/1
f 300/3/1 296/3/1 299/3/1
f 307/3/1 302/3/1 301/3/1
f 307/3/1 303/3/1 302/3/1
f 308/3/1 303/3/1 307/3/1
f 309/3/1 303/3/1 308/3/1
f 310/3/1 305/3/1 304/3/1
f 310/3/1 306/3/1 305/3/1
f 311/3/1 306/3/1 310/3/1
f 312/3/1 306/3/1 311/3/1
f 313/3/1 310/3/1 309/3/1
f 314/3/1 310/3/1 313/3/1
f 317/3/1 316/3/1 315/3/1
f 318/3/1 316/3/1 317/3/1
f 319/4/1 318/4/1 317/4/1
f 320/4/1 318/4/1 319/4/1
f 326/3/1 322/3/1 321/3/1
f 327/3/1 322/3/1 326/3/1
f 328/3/1 324/3/1 323/3/1
f 329/3/1 324/3/1 328/3/1
f 331/3/1 327/3/1 326/3/1
f 331/3/1 326/3/1 325/3/1
f 332/3/1 327/3/1 331/3/1
f 333/3/1 330/3/1 329/3/1
f 334/3/1 330/3/1 333/3/1
f 337/2/1 336/2/1 335/2/1
f 338/2/1 336/2/1 337/2/1
f 341/2/1 340/2/1 339/2/1
f 342/2/1 340/2/1 341/2/1
f 347/3/1 344/3/1 343/3/1
f 348/3/1 344/3/1 347/3/1
f 350/3/1 346/3/1 345/3/1
f 351/3/1 346/3/1 350/3/1
f 352/3/1 350/3/1 349/3/1
f 353/3/1 350/3/1 352/3/1
f 356/2/1 355/2/1 354/2/1
f 357/2/1 355/2/1 356/2/1
f 362/3/1 359/3/1 358/3/1
f 363/3/1 359/3/1 362/3/1
f 364/3/1 361/3/1 360/3/1
f 365/3/1 361/3/1 364/3/1
f 368/2/1 367/2/1 366/2/1
f 369/2/1 367/2/1 368/2/1
f 372/2/1 371/2/1 370/2/1
f 373/2/1 371/2/1 372/2/1
f 376/4/1 375/4/1 374/4/1
f 377/4/1 375/4/1 376/4/1
f 383/2/1 379/2/1 378/2/1
f 384/4/1 380/4/1 379/4/1
f 384/2/1 379/2/1 383/2/1
f 385/4/1 380/4/1 384/4/1
f 386/2/1 382/2/1 381/2/1
f 387/2/1 382/2/1 386/2/1
f 390/4/1 389/4/1 388/4/1
f 391/4/1 389/4/1 390/4/1
f 400/2/1 393/2/1 392/2/1
f 401/2/1 393/2/1 400/2/1
f 402/2/1 393/2/1 401/2/1
f 403/1/1 394/1/1 393/1/1
f 403/2/1 393/2/1 402/2/1
f 404/2/1 395/2/1 394/2/1
f 404/1/1 394/1/1 403/1/1
f 405/1/1 396/1/1 395/1/1
f 405/2/1 395/2/1 404/2/1
f 406/2/1 397/2/1 396/2/1
f 406/1/1 396/1/1 405/1/1
f 407/2/1 397/2/1 406/2/1
f 408/2/1 397/2/1 407/2/1
f 409/1/1 401/1/1 400/1/1
f 410/2/1 402/2/1 401/2/1
f 410/1/1 401/1/1 409/1/1
f 411/1/1 403/1/1 402/1/1
f 411/2/1 402/2/1 410/2/1
f 412/2/1 404/2/1 403/2/1
f 412/1/1 403/1/1 411/1/1
f 412/2/1 405/2/1 404/2/1
f 412/2/1 406/2/1 405/2/1
f 413/1/1 407/1/1 406/1/1
f 413/2/1 406/2/1 412/2/1
f 414/2/1 408/2/1 407/2/1
f 414/1/1 407/1/1 413/1/1
f 415/2/1 408/2/1 414/2/1
f 416/2/1 410/2/1 409/2/1
f 417/1/1 411/1/1 410/1/1
f 417/2/1 410/2/1 416/2/1
f 418/2/1 413/2/1 412/2/1
f 418/1/1 411/1/1 417/1/1
f 418/2/1 412/2/1 411/2/1
f 418/2/1 414/2/1 413/2/1
f 419/2/1 414/2/1 418/2/1
f 420/2/1 414/2/1 419/2/1
f 421/1/1 415/1/1 414/1/1
f 421/2/1 414/2/1 420/2/1
f 422/1/1 415/1/1 421/1/1
f 423/1/1 417/1/1 416/1/1
f 424/2/1 418/2/1 417/2/1
f 424/1/1 417/1/1 423/1/1
f 425/1/1 419/1/1 418/1/1
f 425/2/1 418/2/1 424/2/1
f 426/2/1 420/2/1 419/2/1
f 426/1/1 419/1/1 425/1/1
f 427/2/1 420/2/1 426/2/1
f 428/2/1 420/2/1 427/2/1
f 429/1/1 421/1/1 420/1/1
f 429/2/1 420/2/1 428/2/1
f 430/4/1 422/4/1 421/4/1
f 430/1/1 421/1/1 429/1/1
f 431/4/1 422/4/1 430/4/1
f 432/2/1 399/2/1 398/2/1
f 433/2/1 399/2/1 432/2/1
f 434/2/1 425/2/1 424/2/1
f 434/2/1 424/2/1 423/2/1
f 434/2/1 426/2/1 425/2/1
f 434/1/1 427/1/1 426/1/1
f 435/2/1 428/2/1 427/2/1
f 435/1/1 427/1/1 434/1/1
f 436/1/1 429/1/1 428/1/1
f 436/2/1 428/2/1 435/2/1
f 437/2/1 431/2/1 430/2/1
f 437/1/1 429/1/1 436/1/1
f 437/2/1 430/2/1 429/2/1
f 438/2/1 431/2/1 437/2/1
f 439/1/1 433/1/1 432/1/1
f 440/1/1 433/1/1 439/1/1
f 441/2/1 434/2/1 423/2/1
f 441/2/1 435/2/1 434/2/1
f 442/1/1 436/1/1 435/1/1
f 442/2/1 435/2/1 441/2/1
f 443/2/1 437/2/1 436/2/1
f 443/1/1 436/1/1 442/1/1
f 443/2/1 438/2/1 437/2/1
f 444/2/1 438/2/1 443/2/1
f 445/2/1 438/2/1 444/2/1
f 446/2/1 440/2/1 439/2/1
f 447/2/1 440/2/1 446/2/1
f 448/2/1 441/2/1 423/2/1
f 449/2/1 441/2/1 448/2/1
f 450/2/1 441/2/1 449/2/1
f 451/1/1 442/1/1 441/1/1
f 451/2/1 441/2/1 450/2/1
f 452/2/1 443/2/1 442/2/1
f 452/1/1 442/1/1 451/1/1
f 453/1/1 444/1/1 443/1/1
f 453/2/1 443/2/1 452/2/1
f 454/2/1 445/2/1 444/2/1
f 454/1/1 444/1/1 453/1/1
f 455/2/1 445/2/1 454/2/1
f 456/2/1 445/2/1 455/2/1
f 457/2/1 448/2/1 447/2/1
f 458/1/1 449/1/1 448/1/1
f 458/2/1 448/2/1 457/2/1
f 459/2/1 450/2/1 449/2/1
f 459/1/1 449/1/1 458/1/1
f 460/1/1 451/1/1 450/1/1
f 460/2/1 450/2/1 459/2/1
f 461/2/1 452/2/1 451/2/1
f 461/1/1 451/1/1 460/1/1
f 461/2/1 453/2/1 452/2/1
f 461/2/1 454/2/1 453/2/1
f 462/1/1 455/1/1 454/1/1
f 462/2/1 454/2/1 461/2/1
f 463/2/1 456/2/1 455/2/1
f 463/1/1 455/1/1 462/1/1
f 464/2/1 456/2/1 463/2/1
f 465/4/2 466/4/2 467/4/2
f 467/4/2 466/4/2 468/4/2
f 469/2/2 470/2/2 473/2/2
f 470/4/2 471/4/2 474/4/2
f 473/2/2 470/2/2 474/2/2
f 471/2/2 472/2/2 475/2/2
f 474/4/2 471/4/2 475/4/2
f 475/2/2 472/2/2 476/2/2
f 477/4/2 478/4/2 479/4/2
f 479/4/2 478/4/2 480/4/2
f 481/2/2 482/2/2 490/2/2
f 482/1/2 483/1/2 491/1/2
f 490/2/2 482/2/2 491/2/2
f 483/2/2 484/2/2 492/2/2
f 491/1/2 483/1/2 492/1/2
f 492/2/2 484/2/2 493/2/2
f 493/2/2 484/2/2 494/2/2
f 484/1/2 485/1/2 495/1/2
f 494/2/2 484/2/2 495/2/2
f 485/2/2 486/2/2 496/2/2
f 495/1/2 485/1/2 496/1/2
f 486/1/2 487/1/2 497/1/2
f 496/2/2 486/2/2 497/2/2
f 497/1/2 487/1/2 498/1/2
f 488/1/2 489/1/2 499/1/2
f 499/1/2 489/1/2 500/1/2
f 492/1/2 493/1/2 502/1/2
f 493/2/2 494/2/2 503/2/2
f 502/1/2 493/1/2 503/1/2
f 494/1/2 495/1/2 504/1/2
f 503/2/2 494/2/2 504/2/2
f 497/2/2 498/2/2 505/2/2
f 504/1/2 495/1/2 505/1/2
f 495/2/2 496/2/2 505/2/2
f 496/2/2 497/2/2 505/2/2
f 505/2/2 498/2/2 506/2/2
f 499/2/2 500/2/2 507/2/2
f 507/2/2 500/2/2 508/2/2
f 501/2/2 502/2/2 509/2/2
f 502/2/2 503/2/2 509/2/2
f 509/2/2 503/2/2 510/2/2
f 510/2/2 503/2/2 511/2/2
f 503/1/2 504/1/2 512/1/2
f 511/2/2 503/2/2 512/2/2
f 504/2/2 505/2/2 513/2/2
f 512/1/2 504/1/2 513/1/2
f 505/2/2 506/2/2 513/2/2
f 513/2/2 506/2/2 514/2/2
f 514/2/2 506/2/2 515/2/2
f 507/1/2 508/1/2 516/1/2
f 516/1/2 508/1/2 517/1/2
f 510/2/2 511/2/2 519/2/2
f 511/1/2 512/1/2 520/1/2
f 519/2/2 511/2/2 520/2/2
f 512/2/2 513/2/2 521/2/2
f 520/1/2 512/1/2 521/1/2
f 513/1/2 514/1/2 522/1/2
f 521/2/2 513/2/2 522/2/2
f 514/2/2 515/2/2 523/2/2
f 522/1/2 514/1/2 523/1/2
f 523/2/2 515/2/2 524/2/2
f 524/2/2 515/2/2 525/2/2
f 525/2/2 515/2/2 526/2/2
f 518/2/2 519/2/2 527/2/2
f 519/1/2 520/1/2 528/1/2
f 527/2/2 519/2/2 528/2/2
f 521/2/2 522/2/2 529/2/2
f 528/1/2 520/1/2 529/1/2
f 520/2/2 521/2/2 529/2/2
f 522/2/2 523/2/2 529/2/2
f 523/1/2 524/1/2 530/1/2
f 529/2/2 523/2/2 530/2/2
f 524/2/2 525/2/2 531/2/2
f 530/1/2 524/1/2 531/1/2
f 525/1/2 526/1/2 532/1/2
f 531/2/2 525/2/2 532/2/2
f 532/1/2 526/1/2 533/1/2
f 527/1/2 528/1/2 534/1/2
f 530/2/2 531/2/2 535/2/2
f 534/1/2 528/1/2 535/1/2
f 529/2/2 530/2/2 535/2/2
f 528/2/2 529/2/2 535/2/2
f 535/2/2 531/2/2 536/2/2
f 536/2/2 531/2/2 537/2/2
f 531/1/2 532/1/2 538/1/2
f 537/2/2 531/2/2 538/2/2
f 532/2/2 533/2/2 539/2/2
f 538/1/2 532/1/2 539/1/2
f 539/2/2 533/2/2 540/2/2
f 516/2/2 517/2/2 541/2/2
f 541/2/2 517/2/2 542/2/2
f 534/2/2 535/2/2 543/2/2
f 535/1/2 536/1/2 543/1/2
f 536/2/2 537/2/2 544/2/2
f 543/1/2 536/1/2 544/1/2
f 537/1/2 538/1/2 545/1/2
f 544/2/2 537/2/2 545/2/2
f 538/2/2 539/2/2 546/2/2
f 545/1/2 538/1/2 546/1/2
f 539/1/2 540/1/2 547/1/2
f 546/2/2 539/2/2 547/2/2
f 547/1/2 540/1/2 548/1/2
f 543/2/2 544/2/2 549/2/2
f 534/2/2 543/2/2 549/2/2
f 549/2/2 544/2/2 550/2/2
f 551/1/2 552/1/2 553/1/2
f 553/1/2 552/1/2 554/1/2
f 556/2/2 557/2/2 558/2/2
f 555/2/2 556/2/2 558/2/2
f 558/2/2 557/2/2 559/2/2
f 559/2/2 557/2/2 560/2/2
f 561/2/2 562/2/2 563/2/2
f 563/2/2 562/2/2 564/2/2
f 565/2/2 566/2/2 571/2/2
f 571/2/2 566/2/2 572/2/2
f 567/2/2 568/2/2 573/2/2
f 573/2/2 568/2/2 574/2/2
f 569/2/2 570/2/2 575/2/2
f 575/2/2 570/2/2 576/2/2
f 577/2/2 578/2/2 579/2/2
f 579/2/2 578/2/2 580/2/2
f 581/2/2 582/2/2 583/2/2
f 583/2/2 582/2/2 584/2/2
f 585/2/2 586/2/2 587/2/2
f 587/2/2 586/2/2 588/2/2
f 589/2/2 590/2/2 591/2/2
f 591/2/2 590/2/2 592/2/2
f 593/2/2 594/2/2 595/2/2
f 595/2/2 594/2/2 596/2/2
f 597/3/2 598/3/2 601/3/2
f 601/3/2 598/3/2 602/3/2
f 599/3/2 600/3/2 603/3/2
f 603/3/2 600/3/2 604/3/2
f 605/2/2 606/2/2 607/2/2
f 607/2/2 606/2/2 608/2/2
f 609/3/2 610/3/2 613/3/2
f 613/3/2 610/3/2 614/3/2
f 611/3/2 612/3/2 615/3/2
f 615/3/2 612/3/2 616/3/2
f 617/3/2 618/3/2 619/3/2
f 619/3/2 618/3/2 620/3/2
f 619/4/2 620/4/2 621/4/2
f 621/4/2 620/4/2 622/4/2
f 623/3/2 624/3/2 628/3/2
f 628/3/2 624/3/2 629/3/2
f 625/3/2 626/3/2 630/3/2
f 630/3/2 626/3/2 631/3/2
f 628/3/2 629/3/2 633/3/2
f 627/3/2 628/3/2 633/3/2
f 633/3/2 629/3/2 634/3/2
f 630/3/2 631/3/2 635/3/2
f 631/3/2 632/3/2 635/3/2
f 635/3/2 632/3/2 636/3/2
f 637/3/2 638/3/2 641/3/2
f 641/3/2 638/3/2 642/3/2
f 639/3/2 640/3/2 643/3/2
f 643/3/2 640/3/2 644/3/2
f 645/3/2 646/3/2 651/3/2
f 646/3/2 647/3/2 651/3/2
f 651/3/2 647/3/2 652/3/2
f 652/3/2 647/3/2 653/3/2
f 648/3/2 649/3/2 654/3/2
f 649/3/2 650/3/2 654/3/2
f 654/3/2 650/3/2 655/3/2
f 655/3/2 650/3/2 656/3/2
f 653/3/2 654/3/2 657/3/2
f 657/3/2 654/3/2 658/3/2
f 659/3/2 660/3/2 662/3/2
f 662/3/2 660/3/2 663/3/2
f 661/3/2 662/3/2 665/3/2
f 663/3/2 664/3/2 665/3/2
f 662/3/2 663/3/2 665/3/2
f 665/3/2 664/3/2 666/3/2
f 666/3/2 664/3/2 667/3/2
f 667/3/2 664/3/2 668/3/2
f 669/3/2 670/3/2 674/3/2
f 674/3/2 670/3/2 675/3/2
f 671/3/2 672/3/2 676/3/2
f 676/3/2 672/3/2 677/3/2
f 673/3/2 674/3/2 679/3/2
f 679/3/2 674/3/2 680/3/2
f 677/3/2 678/3/2 681/3/2
f 681/3/2 678/3/2 682/3/2
f 683/2/2 684/2/2 685/2/2
f 685/2/2 684/2/2 686/2/2
f 687/3/2 688/3/2 691/3/2
f 691/3/2 688/3/2 692/3/2
f 689/3/2 690/3/2 696/3/2
f 696/3/2 690/3/2 697/3/2
f 693/3/2 694/3/2 698/3/2
f 698/3/2 694/3/2 699/3/2
f 695/3/2 696/3/2 701/3/2
f 701/3/2 696/3/2 702/3/2
f 699/3/2 700/3/2 703/3/2
f 703/3/2 700/3/2 704/3/2
f 705/3/2 706/3/2 707/3/2
f 707/3/2 706/3/2 708/3/2
f 707/4/2 708/4/2 709/4/2
f 709/4/2 708/4/2 710/4/2
f 711/2/2 712/2/2 713/2/2
f 713/2/2 712/2/2 714/2/2
f 715/2/2 716/2/2 719/2/2
f 719/2/2 716/2/2 720/2/2
f 717/2/2 718/2/2 721/2/2
f 721/2/2 718/2/2 722/2/2
f 723/3/2 724/3/2 727/3/2
f 727/3/2 724/3/2 728/3/2
f 725/3/2 726/3/2 729/3/2
f 729/3/2 726/3/2 730/3/2
f 731/4/2 732/4/2 735/4/2
f 735/4/2 732/4/2 736/4/2
f 733/4/2 734/4/2 740/4/2
f 740/4/2 734/4/2 741/4/2
f 736/2/2 737/2/2 742/2/2
f 737/4/2 738/4/2 743/4/2
f 742/2/2 737/2/2 743/2/2
f 743/4/2 738/4/2 744/4/2
f 739/4/2 740/4/2 745/4/2
f 745/4/2 740/4/2 746/4/2
f 747/2/2 748/2/2 749/2/2
f 749/2/2 748/2/2 750/2/2
f 751/5/2 752/5/2 753/5/2
f 753/5/2 752/5/2 754/5/2
f 755/1/2 756/1/2 759/1/2
f 759/1/2 756/1/2 760/1/2
f 757/2/2 758/2/2 767/2/2
f 767/2/2 758/2/2 768/2/2
f 761/2/2 762/2/2 769/2/2
f 762/2/2 763/2/2 769/2/2
f 763/1/2 764/1/2 770/1/2
f 769/2/2 763/2/2 770/2/2
f 764/2/2 765/2/2 771/2/2
f 770/1/2 764/1/2 771/1/2
f 765/1/2 766/1/2 772/1/2
f 771/2/2 765/2/2 772/2/2
f 772/1/2 766/1/2 773/1/2
f 774/4/2 775/4/2 778/4/2
f 778/4/2 775/4/2 779/4/2
f 779/4/2 775/4/2 780/4/2
f 776/4/2 777/4/2 781/4/2
f 781/4/2 777/4/2 782/4/2
f 782/4/2 777/4/2 783/4/2
f 784/4/2 785/4/2 790/4/2
f 785/4/2 786/4/2 790/4/2
f 790/4/2 786/4/2 791/4/2
f 787/4/2 788/4/2 792/4/2
f 788/4/2 789/4/2 792/4/2
f 792/4/2 789/4/2 793/4/2
f 794/4/2 795/4/2 798/4/2
f 798/4/2 795/4/2 799/4/2
f 799/4/2 795/4/2 800/4/2
f 796/4/2 797/4/2 801/4/2
f 801/4/2 797/4/2 802/4/2
f 802/4/2 797/4/2 803/4/2
f 804/2/2 805/2/2 808/2/2
f 808/2/2 805/2/2 809/2/2
f 806/2/2 807/2/2 816/2/2
f 816/2/2 807/2/2 817/2/2
f 810/1/2 811/1/2 818/1/2
f 811/2/2 812/2/2 819/2/2
f 818/1/2 811/1/2 819/1/2
f 812/1/2 813/1/2 820/1/2
f 819/2/2 812/2/2 820/2/2
f 813/2/2 814/2/2 821/2/2
f 820/1/2 813/1/2 821/1/2
f 814/1/2 815/1/2 822/1/2
f 821/2/2 814/2/2 822/2/2
f 822/1/2 815/1/2 823/1/2
f 824/2/2 825/2/2 833/2/2
f 825/1/2 826/1/2 834/1/2
f 833/2/2 825/2/2 834/2/2
f 826/2/2 827/2/2 835/2/2
f 834/1/2 826/1/2 835/1/2
f 827/2/2 828/2/2 835/2/2
f 828/1/2 829/1/2 836/1/2
f 835/2/2 828/2/2 836/2/2
f 829/2/2 830/2/2 837/2/2
f 836/1/2 829/1/2 837/1/2
f 830/1/2 831/1/2 838/1/2
f 837/2/2 830/2/2 838/2/2
f 831/2/2 832/2/2 839/2/2
f 838/1/2 831/1/2 839/1/2
f 833/1/2 834/1/2 840/1/2
f 836/2/2 837/2/2 841/2/2
f 840/1/2 834/1/2 841/1/2
f 834/2/2 835/2/2 841/2/2
f 835/2/2 836/2/2 841/2/2
f 841/2/2 837/2/2 842/2/2
f 842/2/2 837/2/2 843/2/2
f 837/1/2 838/1/2 844/1/2
f 843/2/2 837/2/2 844/2/2
f 838/2/2 839/2/2 845/2/2
f 844/1/2 838/1/2 845/1/2
f 839/2/2 832/2/2 846/2/2
f 845/2/2 839/2/2 846/2/2
f 840/2/2 841/2/2 847/2/2
f 841/1/2 842/1/2 847/1/2
f 842/2/2 843/2/2 848/2/2
f 847/1/2 842/1/2 848/1/2
f 848/2/2 843/2/2 849/2/2
f 849/2/2 843/2/2 850/2/2
f 843/1/2 844/1/2 851/1/2
f 850/2/2 843/2/2 851/2/2
f 844/2/2 845/2/2 852/2/2
f 851/1/2 844/1/2 852/1/2
f 845/1/2 846/1/2 853/1/2
f 852/2/2 845/2/2 853/2/2
f 846/2/2 832/2/2 854/2/2
f 853/1/2 846/1/2 854/1/2
f 854/2/2 832/2/2 855/2/2
f 855/2/2 832/2/2 856/2/2
f 856/2/2 832/2/2 857/2/2
f 847/2/2 848/2/2 858/2/2
f 848/1/2 849/1/2 858/1/2
f 849/2/2 850/2/2 859/2/2
f 858/1/2 849/1/2 859/1/2
f 850/1/2 851/1/2 860/1/2
f 859/2/2 850/2/2 860/2/2
f 852/2/2 853/2/2 861/2/2
f 860/1/2 851/1/2 861/1/2
f 851/2/2 852/2/2 861/2/2
f 853/2/2 854/2/2 861/2/2
f 854/1/2 855/1/2 862/1/2
f 861/2/2 854/2/2 862/2/2
f 855/2/2 856/2/2 863/2/2
f 862/1/2 855/1/2 863/1/2
f 856/1/2 857/1/2 864/1/2
f 863/2/2 856/2/2 864/2/2
f 864/1/2 857/1/2 865/1/2
f 858/2/2 859/2/2 866/2/2
f 847/2/2 858/2/2 866/2/2
f 859/1/2 860/1/2 867/1/2
f 866/2/2 859/2/2 867/2/2
f 861/2/2 862/2/2 868/2/2
f 867/1/2 860/1/2 868/1/2
f 862/2/2 863/2/2 868/2/2
f 860/2/2 861/2/2 868/2/2
f 868/2/2 863/2/2 869/2/2
f 869/2/2 863/2/2 870/2/2
f 863/1/2 864/1/2 871/1/2
f 870/2/2 863/2/2 871/2/2
f 864/2/2 865/2/2 872/2/2
f 871/1/2 864/1/2 872/1/2
f 872/2/2 865/2/2 873/2/2
f 840/2/2 847/2/2 874/2/2
f 847/2/2 866/2/2 874/2/2
f 866/1/2 867/1/2 875/1/2
f 874/2/2 866/2/2 875/2/2
f 867/2/2 868/2/2 876/2/2
f 875/1/2 867/1/2 876/1/2
f 868/1/2 869/1/2 877/1/2
f 876/2/2 868/2/2 877/2/2
f 869/2/2 870/2/2 878/2/2
f 877/1/2 869/1/2 878/1/2
f 878/2/2 870/2/2 879/2/2
f 879/2/2 870/2/2 880/2/2
f 870/1/2 871/1/2 881/1/2
f 880/2/2 870/2/2 881/2/2
f 871/4/2 872/4/2 882/4/2
f 881/1/2 871/1/2 882/1/2
f 872/1/2 873/1/2 883/1/2
f 882/4/2 872/4/2 883/4/2
f 883/1/2 873/1/2 884/1/2
f 840/2/2 874/2/2 885/2/2
f 874/1/2 875/1/2 886/1/2
f 885/2/2 874/2/2 886/2/2
f 876/2/2 877/2/2 887/2/2
f 886/1/2 875/1/2 887/1/2
f 875/2/2 876/2/2 887/2/2
f 877/2/2 878/2/2 887/2/2
f 878/1/2 879/1/2 888/1/2
f 887/2/2 878/2/2 888/2/2
f 879/2/2 880/2/2 889/2/2
f 888/1/2 879/1/2 889/1/2
f 880/1/2 881/1/2 890/1/2
f 889/2/2 880/2/2 890/2/2
f 881/2/2 882/2/2 891/2/2
f 890/1/2 881/1/2 891/1/2
f 883/2/2 884/2/2 891/2/2
f 882/2/2 883/2/2 891/2/2
f 885/1/2 886/1/2 892/1/2
f 887/2/2 888/2/2 893/2/2
f 892/1/2 886/1/2 893/1/2
f 886/2/2 887/2/2 893/2/2
f 888/2/2 889/2/2 893/2/2
f 893/2/2 889/2/2 894/2/2
f 894/2/2 889/2/2 895/2/2
f 889/1/2 890/1/2 896/1/2
f 895/2/2 889/2/2 896/2/2
f 890/2/2 891/2/2 897/2/2
f 896/1/2 890/1/2 897/1/2
f 891/2/2 884/2/2 898/2/2
f 897/2/2 891/2/2 898/2/2
f 892/2/2 893/2/2 899/2/2
f 893/1/2 894/1/2 899/1/2
f 894/2/2 895/2/2 900/2/2
f 899/1/2 894/1/2 900/1/2
f 900/2/2 895/2/2 901/2/2
f 901/2/2 895/2/2 902/2/2
f 895/1/2 896/1/2 903/1/2
f 902/2/2 895/2/2 903/2/2
f 896/2/2 897/2/2 904/2/2
f 903/1/2 896/1/2 904/1/2
f 897/1/2 898/1/2 905/1/2
f 904/2/2 897/2/2 905/2/2
f 898/2/2 884/2/2 906/2/2
f 905/1/2 898/1/2 906/1/2
f 906/2/2 884/2/2 907/2/2
f 907/2/2 884/2/2 908/2/2
f 908/2/2 884/2/2 909/2/2
f 892/2/2 899/2/2 910/2/2
f 899/2/2 900/2/2 910/2/2
f 910/2/2 900/2/2 911/2/2
f 900/1/2 901/1/2 912/1/2
f 911/2/2 900/2/2 912/2/2
f 901/2/2 902/2/2 913/2/2
f 912/1/2 901/1/2 913/1/2
f 902/1/2 903/1/2 914/1/2
f 913/2/2 902/2/2 914/2/2
f 904/2/2 905/2/2 915/2/2
f 914/1/2 903/1/2 915/1/2
f 903/2/2 904/2/2 915/2/2
f 905/2/2 906/2/2 915/2/2
f 906/1/2 907/1/2 916/1/2
f 915/2/2 906/2/2 916/2/2
f 907/2/2 908/2/2 917/2/2
f 916/1/2 907/1/2 917/1/2
f 908/1/2 909/1/2 918/1/2
f 917/2/2 908/2/2 918/2/2
f 918/1/2 909/1/2 919/1/2
f 912/2/2 913/2/2 920/2/2
f 911/2/2 912/2/2 920/2/2
f 913/1/2 914/1/2 921/1/2
f 920/2/2 913/2/2 921/2/2
f 916/2/2 917/2/2 922/2/2
f 921/1/2 914/1/2 922/1/2
f 914/2/2 915/2/2 922/2/2
f 915/2/2 916/2/2 922/2/2
f 917/1/2 918/1/2 923/1/2
f 922/2/2 917/2/2 923/2/2
f 923/1/2 918/1/2 924/1/2
f 925/4/2 926/4/2 929/4/2
f 926/2/2 927/2/2 930/2/2
f 929/4/2 926/4/2 930/4/2
f 927/4/2 928/4/2 931/4/2
f 930/2/2 927/2/2 931/2/2
f 931/4/2 928/4/2 932/4/2
f 933/4/2 934/4/2 936/4/2
f 936/4/2 934/4/2 937/4/2
f 935/2/2 936/2/2 939/2/2
f 939/2/2 936/2/2 940/2/2
f 937/2/2 938/2/2 941/2/2
f 941/2/2 938/2/2 942/2/2
f 940/4/2 941/4/2 943/4/2
f 943/4/2 941/4/2 944/4/2
f 945/2/2 946/2/2 947/2/2
f 947/2/2 946/2/2 948/2/2
f 956/2/3 950/2/3 949/2/3
f 957/2/3 950/2/3 956/2/3
f 958/2/3 950/2/3 957/2/3
f 959/1/3 951/1/3 950/1/3
f 959/2/3 950/2/3 958/2/3
f 960/2/3 952/2/3 951/2/3
f 960/1/3 951/1/3 959/1/3
f 961/1/3 953/1/3 952/1/3
f 961/2/3 952/2/3 960/2/3
f 962/2/3 954/2/3 953/2/3
f 962/1/3 953/1/3 961/1/3
f 963/1/3 955/1/3 954/1/3
f 963/2/3 954/2/3 962/2/3
f 964/1/3 955/1/3 963/1/3
f 966/1/3 957/1/3 956/1/3
f 967/2/3 958/2/3 957/2/3
f 967/1/3 957/1/3 966/1/3
f 968/1/3 959/1/3 958/1/3
f 968/2/3 958/2/3 967/2/3
f 969/1/3 959/1/3 968/1/3
f 970/2/3 964/2/3 963/2/3
f 971/1/3 965/1/3 964/1/3
f 971/2/3 964/2/3 970/2/3
f 972/1/3 965/1/3 971/1/3
f 973/2/3 967/2/3 966/2/3
f 974/1/3 968/1/3 967/1/3
f 974/2/3 967/2/3 973/2/3
f 975/1/3 968/1/3 974/1/3
f 976/1/3 974/1/3 973/1/3
f 977/2/3 975/2/3 974/2/3
f 977/1/3 974/1/3 976/1/3
f 978/2/3 972/2/3 971/2/3
f 979/2/3 972/2/3 978/2/3
f 980/1/3 979/1/3 978/1/3
f 981/1/3 979/1/3 980/1/3
f 982/2/3 977/2/3 976/2/3
f 983/2/3 975/2/3 977/2/3
f 983/2/3 977/2/3 982/2/3
f 984/1/3 983/1/3 982/1/3
f 985/2/3 975/2/3 983/2/3
f 985/1/3 983/1/3 984/1/3
f 986/2/3 975/2/3 985/2/3
f 987/2/3 985/2/3 984/2/3
f 988/1/3 986/1/3 985/1/3
f 988/2/3 985/2/3 987/2/3
f 989/1/3 986/1/3 988/1/3
f 990/2/3 981/2/3 980/2/3
f 991/2/3 981/2/3 990/2/3
f 992/1/3 988/1/3 987/1/3
f 993/2/3 989/2/3 988/2/3
f 993/1/3 988/1/3 992/1/3
f 994/1/3 991/1/3 990/1/3
f 995/1/3 991/1/3 994/1/3
f 996/2/3 989/2/3 993/2/3
f 996/2/3 993/2/3 992/2/3
f 999/2/3 995/2/3 994/2/3
f 1000/2/3 997/2/3 996/2/3
f 1000/2/3 996/2/3 992/2/3
f 1001/2/3 997/2/3 1000/2/3
f 1002/2/3 997/2/3 1001/2/3
f 1005/2/3 999/2/3 998/2/3
f 1006/2/3 995/2/3 999/2/3
f 1006/2/3 999/2/3 1005/2/3
f 1007/2/3 995/2/3 1006/2/3
f 1008/2/3 1000/2/3 992/2/3
f 1009/1/3 1001/1/3 1000/1/3
f 1009/2/3 1000/2/3 1008/2/3
f 1010/2/3 1002/2/3 1001/2/3
f 1010/1/3 1001/1/3 1009/1/3
f 1010/2/3 1003/2/3 1002/2/3
f 1011/1/3 1004/1/3 1003/1/3
f 1011/2/3 1003/2/3 1010/2/3
f 1012/2/3 1005/2/3 1004/2/3
f 1012/1/3 1004/1/3 1011/1/3
f 1012/2/3 1006/2/3 1005/2/3
f 1013/2/3 1006/2/3 1012/2/3
f 1025/2/3 1015/2/3 1014/2/3
f 1026/2/3 1015/2/3 1025/2/3
f 1029/4/3 1019/4/3 1018/4/3
f 1031/5/3 1024/5/3 1023/5/3
f 1031/5/3 1021/5/3 1020/5/3
f 1031/5/3 1022/5/3 1021/5/3
f 1031/5/3 1023/5/3 1022/5/3
f 1032/5/3 1024/5/3 1031/5/3
f 1036/4/3 1029/4/3 1018/4/3
f 1037/5/3 1033/5/3 1032/5/3
f 1037/5/3 1031/5/3 1030/5/3
f 1037/5/3 1032/5/3 1031/5/3
f 1038/1/3 1035/1/3 1034/1/3
f 1039/1/3 1035/1/3 1038/1/3
f 1040/4/3 1036/4/3 1018/4/3
f 1041/5/3 1033/5/3 1037/5/3
f 1042/5/3 1033/5/3 1041/5/3
f 1043/2/3 1039/2/3 1038/2/3
f 1044/2/3 1039/2/3 1043/2/3
f 1045/5/3 1041/5/3 1037/5/3
f 1045/6/3 1042/6/3 1041/6/3
f 1046/5/3 1033/5/3 1042/5/3
f 1046/6/3 1042/6/3 1045/6/3
f 1047/5/3 1033/5/3 1046/5/3
f 1048/1/3 1044/1/3 1043/1/3
f 1049/1/3 1044/1/3 1048/1/3
f 1050/5/3 1047/5/3 1046/5/3
f 1050/5/3 1046/5/3 1045/5/3
f 1051/2/3 1049/2/3 1048/2/3
f 1052/2/3 1049/2/3 1051/2/3
f 1053/4/3 1040/4/3 1018/4/3
f 1054/1/3 1052/1/3 1051/1/3
f 1055/1/3 1052/1/3 1054/1/3
f 1056/4/3 1053/4/3 1018/4/3
f 1057/5/3 1045/5/3 1037/5/3
f 1057/5/3 1050/5/3 1045/5/3
f 1058/5/3 1050/5/3 1057/5/3
f 1059/5/3 1050/5/3 1058/5/3
f 1060/2/3 1055/2/3 1054/2/3
f 1061/2/3 1055/2/3 1060/2/3
f 1062/4/3 1056/4/3 1018/4/3
f 1063/5/3 1058/5/3 1057/5/3
f 1064/6/3 1059/6/3 1058/6/3
f 1064/5/3 1058/5/3 1063/5/3
f 1065/5/3 1050/5/3 1059/5/3
f 1065/6/3 1059/6/3 1064/6/3
f 1066/5/3 1050/5/3 1065/5/3
f 1067/1/3 1061/1/3 1060/1/3
f 1068/1/3 1061/1/3 1067/1/3
f 1069/4/3 1062/4/3 1018/4/3
f 1070/5/3 1064/5/3 1063/5/3
f 1070/5/3 1066/5/3 1065/5/3
f 1070/5/3 1065/5/3 1064/5/3
f 1071/2/3 1068/2/3 1067/2/3
f 1072/2/3 1068/2/3 1071/2/3
f 1073/4/3 1028/4/3 1027/4/3
f 1074/4/3 1028/4/3 1073/4/3
f 1075/5/3 1070/5/3 1063/5/3
f 1076/5/3 1070/5/3 1075/5/3
f 1077/5/3 1070/5/3 1076/5/3
f 1078/5/3 1070/5/3 1077/5/3
f 1079/1/3 1072/1/3 1071/1/3
f 1080/1/3 1072/1/3 1079/1/3
f 1081/4/3 1017/4/3 1016/4/3
f 1082/4/3 1017/4/3 1081/4/3
f 1083/4/3 1069/4/3 1018/4/3
f 1084/4/3 1069/4/3 1083/4/3
f 1085/5/3 1077/5/3 1076/5/3
f 1086/5/3 1077/5/3 1085/5/3
f 1087/5/3 1077/5/3 1086/5/3
f 1088/5/3 1077/5/3 1087/5/3
f 1091/2/3 1090/2/3 1089/2/3
f 1092/2/3 1090/2/3 1091/2/3
f 1097/4/3 1094/4/3 1093/4/3
f 1098/4/3 1094/4/3 1097/4/3
f 1102/2/3 1096/2/3 1095/2/3
f 1103/2/3 1096/2/3 1102/2/3
f 1106/1/3 1105/1/3 1104/1/3
f 1107/1/3 1105/1/3 1106/1/3
f 1110/2/3 1107/2/3 1106/2/3
f 1111/2/3 1107/2/3 1110/2/3
f 1112/3/3 1109/3/3 1108/3/3
f 1113/3/3 1109/3/3 1112/3/3
f 1114/2/3 1107/2/3 1111/2/3
f 1115/2/3 1107/2/3 1114/2/3
f 1118/1/3 1115/1/3 1114/1/3
f 1119/1/3 1115/1/3 1118/1/3
f 1120/2/3 1119/2/3 1118/2/3
f 1121/3/3 1117/3/3 1116/3/3
f 1122/3/3 1117/3/3 1121/3/3
f 1123/2/3 1119/2/3 1120/2/3
f 1124/2/3 1119/2/3 1123/2/3
f 1126/2/3 1099/2/3 1098/2/3
f 1127/2/3 1099/2/3 1126/2/3
f 1128/2/3 1101/2/3 1100/2/3
f 1129/2/3 1101/2/3 1128/2/3
f 1132/4/3 1126/4/3 1125/4/3
f 1133/4/3 1126/4/3 1132/4/3
f 1134/1/3 1131/1/3 1130/1/3
f 1135/1/3 1131/1/3 1134/1/3
f 1138/2/3 1137/2/3 1136/2/3
f 1139/2/3 1137/2/3 1138/2/3
f 1142/1/3 1141/1/3 1140/1/3
f 1143/1/3 1141/1/3 1142/1/3
f 1147/3/3 1145/3/3 1144/3/3
f 1148/3/3 1145/3/3 1147/3/3
f 1149/3/3 1147/3/3 1146/3/3
f 1150/3/3 1147/3/3 1149/3/3
f 1153/3/3 1152/3/3 1151/3/3
f 1154/3/3 1152/3/3 1153/3/3
f 1157/3/3 1156/3/3 1155/3/3
f 1158/3/3 1156/3/3 1157/3/3
f 1162/3/3 1159/3/3 1158/3/3
f 1163/3/3 1159/3/3 1162/3/3
f 1164/2/3 1161/2/3 1160/2/3
f 1165/2/3 1161/2/3 1164/2/3
f 1168/2/3 1167/2/3 1166/2/3
f 1169/2/3 1167/2/3 1168/2/3
f 1173/2/3 1171/2/3 1170/2/3
f 1174/2/3 1171/2/3 1173/2/3
f 1176/4/3 1175/4/3 1174/4/3
f 1178/4/3 1177/4/3 1176/4/3
f 1179/4/3 1173/4/3 1172/4/3
f 1180/4/3 1173/4/3 1179/4/3
f 1181/4/3 1173/4/3 1180/4/3
f 1182/4/3 1176/4/3 1174/4/3
f 1182/4/3 1178/4/3 1176/4/3
f 1183/4/3 1178/4/3 1182/4/3
f 1184/4/3 1178/4/3 1183/4/3
f 1185/4/3 1178/4/3 1184/4/3
f 1188/2/3 1187/2/3 1186/2/3
f 1189/2/3 1187/2/3 1188/2/3
f 1198/3/3 1194/3/3 1193/3/3
f 1199/3/3 1194/3/3 1198/3/3
f 1200/3/3 1191/3/3 1190/3/3
f 1201/4/3 1192/4/3 1191/4/3
f 1201/3/3 1191/3/3 1200/3/3
f 1202/4/3 1192/4/3 1201/4/3
f 1204/3/3 1196/3/3 1195/3/3
f 1205/3/3 1196/3/3 1204/3/3
f 1206/3/3 1198/3/3 1197/3/3
f 1207/3/3 1198/3/3 1206/3/3
f 1211/3/3 1205/3/3 1204/3/3
f 1211/3/3 1204/3/3 1203/3/3
f 1212/3/3 1205/3/3 1211/3/3
f 1213/3/3 1205/3/3 1212/3/3
f 1216/3/3 1213/3/3 1212/3/3
f 1217/3/3 1213/3/3 1216/3/3
f 1218/3/3 1215/3/3 1214/3/3
f 1219/3/3 1215/3/3 1218/3/3
f 1221/3/3 1220/3/3 1219/3/3
f 1222/3/3 1220/3/3 1221/3/3
f 1223/3/3 1209/3/3 1208/3/3
f 1224/4/3 1210/4/3 1209/4/3
f 1224/3/3 1209/3/3 1223/3/3
f 1225/4/3 1210/4/3 1224/4/3
f 1233/4/3 1230/4/3 1229/4/3
f 1233/4/3 1232/4/3 1231/4/3
f 1233/4/3 1231/4/3 1230/4/3
f 1234/4/3 1233/4/3 1229/4/3
f 1235/4/3 1233/4/3 1234/4/3
f 1236/4/3 1227/4/3 1226/4/3
f 1236/4/3 1228/4/3 1227/4/3
f 1237/4/3 1228/4/3 1236/4/3
f 1238/4/3 1234/4/3 1229/4/3
f 1239/4/3 1234/4/3 1238/4/3
f 1240/2/3 1238/2/3 1237/2/3
f 1241/2/3 1238/2/3 1240/2/3
f 1244/2/3 1243/2/3 1242/2/3
f 1245/2/3 1243/2/3 1244/2/3
f 1250/3/3 1247/3/3 1246/3/3
f 1251/3/3 1247/3/3 1250/3/3
f 1252/3/3 1249/3/3 1248/3/3
f 1253/3/3 1249/3/3 1252/3/3
f 1254/3/3 1251/3/3 1250/3/3
f 1255/3/3 1251/3/3 1254/3/3
f 1260/3/3 1256/3/3 1255/3/3
f 1261/3/3 1256/3/3 1260/3/3
f 1262/3/3 1258/3/3 1257/3/3
f 1263/3/3 1258/3/3 1262/3/3
f 1264/3/3 1260/3/3 1259/3/3
f 1265/3/3 1260/3/3 1264/3/3
f 1266/3/3 1265/3/3 1264/3/3
f 1267/3/3 1265/3/3 1266/3/3
f 1272/2/3 1269/2/3 1268/2/3
f 1273/2/3 1269/2/3 1272/2/3
f 1277/3/3 1271/3/3 1270/3/3
f 1278/1/3 1275/1/3 1274/1/3
f 1279/1/3 1275/1/3 1278/1/3
f 1280/3/3 1277/3/3 1276/3/3
f 1281/3/3 1271/3/3 1277/3/3
f 1281/3/3 1277/3/3 1280/3/3
f 1282/3/3 1271/3/3 1281/3/3
f 1285/2/3 1279/2/3 1278/2/3
f 1286/2/3 1279/2/3 1285/2/3
f 1287/3/3 1284/3/3 1283/3/3
f 1288/3/3 1284/3/3 1287/3/3
f 1290/3/3 1289/3/3 1288/3/3
f 1291/3/3 1289/3/3 1290/3/3
f 1294/4/3 1293/4/3 1292/4/3
f 1295/4/3 1293/4/3 1294/4/3
f 1298/3/3 1297/3/3 1296/3/3
f 1299/3/3 1297/3/3 1298/3/3
f 1303/3/3 1301/3/3 1300/3/3
f 1304/3/3 1301/3/3 1303/3/3
f 1305/3/3 1303/3/3 1302/3/3
f 1306/3/3 1303/3/3 1305/3/3
f 1309/3/3 1308/3/3 1307/3/3
f 1310/3/3 1308/3/3 1309/3/3
f 1313/3/3 1312/3/3 1311/3/3
f 1314/3/3 1312/3/3 1313/3/3
f 1323/2/3 1316/2/3 1315/2/3
f 1323/2/3 1317/2/3 1316/2/3
f 1324/1/3 1318/1/3 1317/1/3
f 1324/2/3 1317/2/3 1323/2/3
f 1325/2/3 1322/2/3 1321/2/3
f 1325/1/3 1318/1/3 1324/1/3
f 1325/2/3 1321/2/3 1320/2/3
f 1325/2/3 1320/2/3 1319/2/3
f 1325/2/3 1319/2/3 1318/2/3
f 1326/2/3 1322/2/3 1325/2/3
f 1327/2/3 1322/2/3 1326/2/3
f 1329/2/3 1323/2/3 1315/2/3
f 1330/1/3 1324/1/3 1323/1/3
f 1330/2/3 1323/2/3 1329/2/3
f 1331/2/3 1325/2/3 1324/2/3
f 1331/1/3 1324/1/3 1330/1/3
f 1332/1/3 1326/1/3 1325/1/3
f 1332/2/3 1325/2/3 1331/2/3
f 1333/2/3 1327/2/3 1326/2/3
f 1333/1/3 1326/1/3 1332/1/3
f 1334/2/3 1327/2/3 1333/2/3
f 1335/2/3 1327/2/3 1334/2/3
f 1336/1/3 1328/1/3 1327/1/3
f 1336/2/3 1327/2/3 1335/2/3
f 1337/1/3 1328/1/3 1336/1/3
f 1338/1/3 1330/1/3 1329/1/3
f 1339/2/3 1331/2/3 1330/2/3
f 1339/1/3 1330/1/3 1338/1/3
f 1339/2/3 1332/2/3 1331/2/3
f 1339/2/3 1333/2/3 1332/2/3
f 1340/1/3 1334/1/3 1333/1/3
f 1340/2/3 1333/2/3 1339/2/3
f 1341/2/3 1335/2/3 1334/2/3
f 1341/1/3 1334/1/3 1340/1/3
f 1342/1/3 1336/1/3 1335/1/3
f 1342/2/3 1335/2/3 1341/2/3
f 1343/2/3 1337/2/3 1336/2/3
f 1343/1/3 1336/1/3 1342/1/3
f 1344/2/3 1340/2/3 1339/2/3
f 1344/2/3 1341/2/3 1340/2/3
f 1344/2/3 1339/2/3 1338/2/3
f 1345/2/3 1341/2/3 1344/2/3
f 1346/2/3 1341/2/3 1345/2/3
f 1347/1/3 1342/1/3 1341/1/3
f 1347/2/3 1341/2/3 1346/2/3
f 1348/2/3 1343/2/3 1342/2/3
f 1348/1/3 1342/1/3 1347/1/3
f 1349/2/3 1337/2/3 1343/2/3
f 1349/2/3 1343/2/3 1348/2/3
f 1350/1/3 1345/1/3 1344/1/3
f 1351/2/3 1346/2/3 1345/2/3
f 1351/1/3 1345/1/3 1350/1/3
f 1352/2/3 1346/2/3 1351/2/3
f 1353/2/3 1346/2/3 1352/2/3
f 1354/1/3 1347/1/3 1346/1/3
f 1354/2/3 1346/2/3 1353/2/3
f 1355/2/3 1348/2/3 1347/2/3
f 1355/1/3 1347/1/3 1354/1/3
f 1356/1/3 1349/1/3 1348/1/3
f 1356/2/3 1348/2/3 1355/2/3
f 1357/2/3 1337/2/3 1349/2/3
f 1357/1/3 1349/1/3 1356/1/3
f 1358/2/3 1337/2/3 1357/2/3
f 1359/2/3 1351/2/3 1350/2/3
f 1359/1/3 1352/1/3 1351/1/3
f 1360/2/3 1353/2/3 1352/2/3
f 1360/1/3 1352/1/3 1359/1/3
f 1361/1/3 1354/1/3 1353/1/3
f 1361/2/3 1353/2/3 1360/2/3
f 1362/2/3 1356/2/3 1355/2/3
f 1362/1/3 1354/1/3 1361/1/3
f 1362/2/3 1355/2/3 1354/2/3
f 1362/2/3 1357/2/3 1356/2/3
f 1363/1/3 1358/1/3 1357/1/3
f 1363/2/3 1357/2/3 1362/2/3
f 1364/1/3 1358/1/3 1363/1/3
f 1365/2/3 1360/2/3 1359/2/3
f 1365/2/3 1359/2/3 1350/2/3
f 1366/1/3 1361/1/3 1360/1/3
f 1366/2/3 1360/2/3 1365/2/3
f 1367/2/3 1364/2/3 1363/2/3
f 1367/1/3 1361/1/3 1366/1/3
f 1367/2/3 1362/2/3 1361/2/3
f 1367/2/3 1363/2/3 1362/2/3
f 1368/2/3 1364/2/3 1367/2/3
f 1369/2/3 1364/2/3 1368/2/3
f 1370/2/3 1364/2/3 1369/2/3
f 1371/2/3 1365/2/3 1350/2/3
f 1372/1/3 1366/1/3 1365/1/3
f 1372/2/3 1365/2/3 1371/2/3
f 1373/2/3 1367/2/3 1366/2/3
f 1373/1/3 1366/1/3 1372/1/3
f 1374/1/3 1368/1/3 1367/1/3
f 1374/2/3 1367/2/3 1373/2/3
f 1375/2/3 1369/2/3 1368/2/3
f 1375/1/3 1368/1/3 1374/1/3
f 1376/2/3 1369/2/3 1375/2/3
f 1377/2/3 1369/2/3 1376/2/3
f 1378/1/3 1370/1/3 1369/1/3
f 1378/2/3 1369/2/3 1377/2/3
f 1379/1/3 1370/1/3 1378/1/3
f 1380/1/3 1372/1/3 1371/1/3
f 1381/2/3 1373/2/3 1372/2/3
f 1381/1/3 1372/1/3 1380/1/3
f 1381/2/3 1374/2/3 1373/2/3
f 1381/2/3 1375/2/3 1374/2/3
f 1382/1/3 1376/1/3 1375/1/3
f 1382/2/3 1375/2/3 1381/2/3
f 1383/2/3 1377/2/3 1376/2/3
f 1383/1/3 1376/1/3 1382/1/3
f 1384/1/3 1378/1/3 1377/1/3
f 1384/2/3 1377/2/3 1383/2/3
f 1385/2/3 1379/2/3 1378/2/3
f 1385/1/3 1378/1/3 1384/1/3
f 1386/2/3 1382/2/3 1381/2/3
f 1386/2/3 1383/2/3 1382/2/3
f 1386/2/3 1381/2/3 1380/2/3
f 1387/2/3 1383/2/3 1386/2/3
f 1388/2/3 1383/2/3 1387/2/3
f 1389/1/3 1384/1/3 1383/1/3
f 1389/2/3 1383/2/3 1388/2/3
f 1390/2/3 1385/2/3 1384/2/3
f 1390/1/3 1384/1/3 1389/1/3
f 1391/2/3 1379/2/3 1385/2/3
f 1391/2/3 1385/2/3 1390/2/3
f 1392/1/3 1387/1/3 1386/1/3
f 1393/2/3 1388/2/3 1387/2/3
f 1393/1/3 1387/1/3 1392/1/3
f 1394/2/3 1388/2/3 1393/2/3
f 1395/2/3 1388/2/3 1394/2/3
f 1396/1/3 1389/1/3 1388/1/3
f 1396/2/3 1388/2/3 1395/2/3
f 1397/2/3 1390/2/3 1389/2/3
f 1397/1/3 1389/1/3 1396/1/3
f 1398/1/3 1391/1/3 1390/1/3
f 1398/2/3 1390/2/3 1397/2/3
f 1399/2/3 1379/2/3 1391/2/3
f 1399/1/3 1391/1/3 1398/1/3
f 1400/2/3 1379/2/3 1399/2/3
f 1401/2/4 1402/2/4 1403/2/4
f 1403/2/4 1402/2/4 1404/2/4
f 1405/5/4 1406/5/4 1413/5/4
f 1413/5/4 1406/5/4 1414/5/4
f 1407/5/4 1408/5/4 1415/5/4
f 1415/5/4 1408/5/4 1416/5/4
f 1411/5/4 1412/5/4 1417/5/4
f 1409/5/4 1410/5/4 1417/5/4
f 1410/5/4 1411/5/4 1417/5/4
f 1414/5/4 1415/5/4 1419/5/4
f 1419/5/4 1415/5/4 1420/5/4
f 1416/5/4 1417/5/4 1421/5/4
f 1418/5/4 1419/5/4 1422/5/4
f 1420/5/4 1421/5/4 1423/5/4
f 1421/5/4 1417/5/4 1424/5/4
f 1423/5/4 1421/5/4 1424/5/4
f 1417/5/4 1412/5/4 1425/5/4
f 1424/5/4 1417/5/4 1425/5/4
f 1423/5/4 1424/5/4 1426/5/4
f 1422/5/4 1423/5/4 1426/5/4
f 1424/6/4 1425/6/4 1426/6/4
f 1425/5/4 1412/5/4 1427/5/4
f 1426/6/4 1425/6/4 1427/6/4
f 1422/5/4 1426/5/4 1428/5/4
f 1426/5/4 1427/5/4 1428/5/4
f 1428/5/4 1427/5/4 1429/5/4
f 1427/5/4 1412/5/4 1430/5/4
f 1429/5/4 1427/5/4 1430/5/4
f 1422/5/4 1428/5/4 1431/5/4
f 1431/5/4 1428/5/4 1432/5/4
f 1429/6/4 1430/6/4 1433/6/4
f 1430/5/4 1412/5/4 1434/5/4
f 1433/6/4 1430/6/4 1434/6/4
f 1422/5/4 1431/5/4 1435/5/4
f 1432/5/4 1433/5/4 1436/5/4
f 1433/5/4 1434/5/4 1436/5/4
f 1434/5/4 1412/5/4 1437/5/4
f 1435/5/4 1436/5/4 1437/5/4
f 1436/5/4 1434/5/4 1437/5/4
f 1437/5/4 1412/5/4 1438/5/4
f 1418/5/4 1422/5/4 1439/5/4
f 1422/5/4 1435/5/4 1439/5/4
f 1435/5/4 1437/5/4 1439/5/4
f 1439/5/4 1437/5/4 1440/5/4
f 1440/5/4 1437/5/4 1441/5/4
f 1441/5/4 1437/5/4 1442/5/4
f 1442/5/4 1437/5/4 1443/5/4
f 1443/5/4 1437/5/4 1444/5/4
f 1445/2/4 1446/2/4 1450/2/4
f 1450/2/4 1446/2/4 1451/2/4
f 1447/2/4 1448/2/4 1452/2/4
f 1452/2/4 1448/2/4 1453/2/4
f 1449/2/4 1450/2/4 1454/2/4
f 1454/2/4 1450/2/4 1455/2/4
f 1453/2/4 1454/2/4 1456/2/4
f 1456/2/4 1454/2/4 1457/2/4
f 1458/3/4 1459/3/4 1460/3/4
f 1460/3/4 1459/3/4 1461/3/4
f 1462/2/4 1463/2/4 1467/2/4
f 1467/2/4 1463/2/4 1468/2/4
f 1464/3/4 1465/3/4 1469/3/4
f 1469/3/4 1465/3/4 1470/3/4
f 1466/2/4 1467/2/4 1471/2/4
f 1471/2/4 1467/2/4 1472/2/4
f 1473/2/4 1474/2/4 1475/2/4
f 1475/2/4 1474/2/4 1476/2/4
f 1477/3/4 1478/3/4 1479/3/4
f 1479/3/4 1478/3/4 1480/3/4
f 1481/3/4 1482/3/4 1483/3/4
f 1483/3/4 1482/3/4 1484/3/4
f 1485/3/4 1486/3/4 1490/3/4
f 1487/1/4 1488/1/4 1491/1/4
f 1491/1/4 1488/1/4 1492/1/4
f 1489/3/4 1490/3/4 1493/3/4
f 1490/3/4 1486/3/4 1494/3/4
f 1493/3/4 1490/3/4 1494/3/4
f 1494/3/4 1486/3/4 1495/3/4
f 1491/2/4 1492/2/4 1499/2/4
f 1499/2/4 1492/2/4 1500/2/4
f 1497/3/4 1498/3/4 1501/3/4
f 1496/3/4 1497/3/4 1501/3/4
f 1501/3/4 1498/3/4 1502/3/4
f 1502/3/4 1498/3/4 1503/3/4
f 1503/3/4 1498/3/4 1504/3/4
f 1505/3/4 1506/3/4 1509/3/4
f 1509/3/4 1506/3/4 1510/3/4
f 1507/3/4 1508/3/4 1511/3/4
f 1511/3/4 1508/3/4 1512/3/4
f 1509/3/4 1510/3/4 1513/3/4
f 1513/3/4 1510/3/4 1514/3/4
f 1514/3/4 1515/3/4 1519/3/4
f 1519/3/4 1515/3/4 1520/3/4
f 1516/3/4 1517/3/4 1521/3/4
f 1521/3/4 1517/3/4 1522/3/4
f 1518/3/4 1519/3/4 1523/3/4
f 1523/3/4 1519/3/4 1524/3/4
f 1523/3/4 1524/3/4 1525/3/4
f 1525/3/4 1524/3/4 1526/3/4
f 1527/2/4 1528/2/4 1530/2/4
f 1530/2/4 1528/2/4 1531/2/4
f 1531/4/4 1532/4/4 1533/4/4
f 1533/4/4 1534/4/4 1535/4/4
f 1529/4/4 1530/4/4 1536/4/4
f 1536/4/4 1530/4/4 1537/4/4
f 1537/4/4 1530/4/4 1538/4/4
f 1531/4/4 1533/4/4 1539/4/4
f 1533/4/4 1535/4/4 1539/4/4
f 1539/4/4 1535/4/4 1540/4/4
f 1540/4/4 1535/4/4 1541/4/4
f 1541/4/4 1535/4/4 1542/4/4
f 1543/2/4 1544/2/4 1548/2/4
f 1548/2/4 1544/2/4 1549/2/4
f 1550/3/4 1551/3/4 1555/3/4
f 1555/3/4 1551/3/4 1556/3/4
f 1545/3/4 1546/3/4 1557/3/4
f 1546/4/4 1547/4/4 1558/4/4
f 1557/3/4 1546/3/4 1558/3/4
f 1558/4/4 1547/4/4 1559/4/4
f 1552/3/4 1553/3/4 1561/3/4
f 1561/3/4 1553/3/4 1562/3/4
f 1554/3/4 1555/3/4 1563/3/4
f 1563/3/4 1555/3/4 1564/3/4
f 1561/3/4 1562/3/4 1568/3/4
f 1560/3/4 1561/3/4 1568/3/4
f 1568/3/4 1562/3/4 1569/3/4
f 1569/3/4 1562/3/4 1570/3/4
f 1569/3/4 1570/3/4 1573/3/4
f 1573/3/4 1570/3/4 1574/3/4
f 1571/3/4 1572/3/4 1575/3/4
f 1575/3/4 1572/3/4 1576/3/4
f 1576/3/4 1577/3/4 1578/3/4
f 1578/3/4 1577/3/4 1579/3/4
f 1565/3/4 1566/3/4 1580/3/4
f 1566/4/4 1567/4/4 1581/4/4
f 1580/3/4 1566/3/4 1581/3/4
f 1581/4/4 1567/4/4 1582/4/4
f 1583/4/4 1584/4/4 1587/4/4
f 1587/4/4 1584/4/4 1588/4/4
f 1590/4/4 1591/4/4 1592/4/4
f 1589/4/4 1590/4/4 1592/4/4
f 1588/4/4 1589/4/4 1592/4/4
f 1588/4/4 1592/4/4 1593/4/4
f 1593/4/4 1592/4/4 1594/4/4
f 1585/4/4 1586/4/4 1595/4/4
f 1586/4/4 1587/4/4 1595/4/4
f 1595/4/4 1587/4/4 1596/4/4
f 1588/4/4 1593/4/4 1597/4/4
f 1597/4/4 1593/4/4 1598/4/4
f 1596/2/4 1597/2/4 1599/2/4
f 1599/2/4 1597/2/4 1600/2/4
f 1601/2/4 1602/2/4 1603/2/4
f 1603/2/4 1602/2/4 1604/2/4
f 1605/1/4 1606/1/4 1609/1/4
f 1609/1/4 1606/1/4 1610/1/4
f 1607/2/4 1608/2/4 1613/2/4
f 1613/2/4 1608/2/4 1614/2/4
f 1611/3/4 1612/3/4 1616/3/4
f 1616/3/4 1612/3/4 1617/3/4
f 1615/3/4 1616/3/4 1618/3/4
f 1618/3/4 1616/3/4 1619/3/4
f 1620/3/4 1621/3/4 1622/3/4
f 1622/3/4 1621/3/4 1623/3/4
f 1624/3/4 1625/3/4 1626/3/4
f 1626/3/4 1625/3/4 1627/3/4
f 1627/3/4 1628/3/4 1631/3/4
f 1631/3/4 1628/3/4 1632/3/4
f 1629/1/4 1630/1/4 1633/1/4
f 1633/1/4 1630/1/4 1634/1/4
f 1635/2/4 1636/2/4 1637/2/4
f 1637/2/4 1636/2/4 1638/2/4
f 1639/4/4 1640/4/4 1643/4/4
f 1643/4/4 1640/4/4 1644/4/4
f 1641/2/4 1642/2/4 1648/2/4
f 1648/2/4 1642/2/4 1649/2/4
f 1650/1/4 1651/1/4 1652/1/4
f 1652/1/4 1651/1/4 1653/1/4
f 1652/2/4 1653/2/4 1656/2/4
f 1656/2/4 1653/2/4 1657/2/4
f 1656/1/4 1657/1/4 1658/1/4
f 1658/1/4 1657/1/4 1659/1/4
f 1654/3/4 1655/3/4 1660/3/4
f 1660/3/4 1655/3/4 1661/3/4
f 1658/2/4 1659/2/4 1662/2/4
f 1662/2/4 1659/2/4 1663/2/4
f 1662/1/4 1663/1/4 1666/1/4
f 1666/1/4 1663/1/4 1667/1/4
f 1664/3/4 1665/3/4 1668/3/4
f 1668/3/4 1665/3/4 1669/3/4
f 1666/2/4 1667/2/4 1670/2/4
f 1670/2/4 1667/2/4 1671/2/4
f 1644/4/4 1645/4/4 1673/4/4
f 1673/4/4 1645/4/4 1674/4/4
f 1646/2/4 1647/2/4 1675/2/4
f 1675/2/4 1647/2/4 1676/2/4
f 1672/4/4 1673/4/4 1679/4/4
f 1679/4/4 1673/4/4 1680/4/4
f 1677/1/4 1678/1/4 1681/1/4
f 1681/1/4 1678/1/4 1682/1/4
f 1683/2/4 1684/2/4 1689/2/4
f 1689/2/4 1684/2/4 1690/2/4
f 1687/4/4 1688/4/4 1695/4/4
f 1693/1/4 1694/1/4 1696/1/4
f 1696/1/4 1694/1/4 1697/1/4
f 1687/4/4 1695/4/4 1698/4/4
f 1687/4/4 1698/4/4 1699/4/4
f 1687/4/4 1699/4/4 1700/4/4
f 1696/2/4 1697/2/4 1701/2/4
f 1701/2/4 1697/2/4 1702/2/4
f 1701/1/4 1702/1/4 1703/1/4
f 1703/1/4 1702/1/4 1704/1/4
f 1703/2/4 1704/2/4 1705/2/4
f 1687/4/4 1700/4/4 1706/4/4
f 1687/4/4 1706/4/4 1707/4/4
f 1691/4/4 1692/4/4 1708/4/4
f 1708/4/4 1692/4/4 1709/4/4
f 1687/4/4 1707/4/4 1710/4/4
f 1705/2/4 1704/2/4 1711/2/4
f 1711/2/4 1704/2/4 1712/2/4
f 1685/4/4 1686/4/4 1713/4/4
f 1713/4/4 1686/4/4 1714/4/4
f 1687/4/4 1710/4/4 1715/4/4
f 1715/4/4 1710/4/4 1716/4/4
f 1717/1/4 1718/1/4 1719/1/4
f 1719/1/4 1718/1/4 1720/1/4
f 1721/2/4 1722/2/4 1728/2/4
f 1722/1/4 1723/1/4 1728/1/4
f 1723/2/4 1724/2/4 1729/2/4
f 1728/1/4 1723/1/4 1729/1/4
f 1724/1/4 1725/1/4 1730/1/4
f 1729/2/4 1724/2/4 1730/2/4
f 1725/2/4 1726/2/4 1731/2/4
f 1730/1/4 1725/1/4 1731/1/4
f 1726/1/4 1727/1/4 1732/1/4
f 1731/2/4 1726/2/4 1732/2/4
f 1732/1/4 1727/1/4 1733/1/4
f 1721/2/4 1728/2/4 1735/2/4
f 1728/2/4 1729/2/4 1735/2/4
f 1729/1/4 1730/1/4 1736/1/4
f 1735/2/4 1729/2/4 1736/2/4
f 1730/2/4 1731/2/4 1737/2/4
f 1736/1/4 1730/1/4 1737/1/4
f 1732/2/4 1733/2/4 1737/2/4
f 1731/2/4 1732/2/4 1737/2/4
f 1737/2/4 1733/2/4 1738/2/4
f 1738/2/4 1733/2/4 1739/2/4
f 1733/1/4 1734/1/4 1740/1/4
f 1739/2/4 1733/2/4 1740/2/4
f 1740/1/4 1734/1/4 1741/1/4
f 1721/2/4 1735/2/4 1742/2/4
f 1742/2/4 1735/2/4 1743/2/4
f 1743/2/4 1735/2/4 1744/2/4
f 1735/1/4 1736/1/4 1745/1/4
f 1744/2/4 1735/2/4 1745/2/4
f 1736/2/4 1737/2/4 1746/2/4
f 1745/1/4 1736/1/4 1746/1/4
f 1737/1/4 1738/1/4 1747/1/4
f 1746/2/4 1737/2/4 1747/2/4
f 1738/2/4 1739/2/4 1748/2/4
f 1747/1/4 1738/1/4 1748/1/4
f 1748/2/4 1739/2/4 1749/2/4
f 1749/2/4 1739/2/4 1750/2/4
f 1739/1/4 1740/1/4 1751/1/4
f 1750/2/4 1739/2/4 1751/2/4
f 1740/2/4 1741/2/4 1752/2/4
f 1751/1/4 1740/1/4 1752/1/4
f 1742/1/4 1743/1/4 1753/1/4
f 1743/2/4 1744/2/4 1754/2/4
f 1753/1/4 1743/1/4 1754/1/4
f 1744/1/4 1745/1/4 1755/1/4
f 1754/2/4 1744/2/4 1755/2/4
f 1746/2/4 1747/2/4 1756/2/4
f 1755/1/4 1745/1/4 1756/1/4
f 1745/2/4 1746/2/4 1756/2/4
f 1747/2/4 1748/2/4 1756/2/4
f 1748/1/4 1749/1/4 1757/1/4
f 1756/2/4 1748/2/4 1757/2/4
f 1749/2/4 1750/2/4 1758/2/4
f 1757/1/4 1749/1/4 1758/1/4
f 1750/1/4 1751/1/4 1759/1/4
f 1758/2/4 1750/2/4 1759/2/4
f 1751/2/4 1752/2/4 1760/2/4
f 1759/1/4 1751/1/4 1760/1/4
f 1753/2/4 1754/2/4 1761/2/4
f 1754/1/4 1755/1/4 1762/1/4
f 1761/2/4 1754/2/4 1762/2/4
f 1756/2/4 1757/2/4 1763/2/4
f 1762/1/4 1755/1/4 1763/1/4
f 1757/2/4 1758/2/4 1763/2/4
f 1755/2/4 1756/2/4 1763/2/4
f 1763/2/4 1758/2/4 1764/2/4
f 1764/2/4 1758/2/4 1765/2/4
f 1758/1/4 1759/1/4 1766/1/4
f 1765/2/4 1758/2/4 1766/2/4
f 1759/2/4 1760/2/4 1767/2/4
f 1766/1/4 1759/1/4 1767/1/4
f 1760/2/4 1752/2/4 1768/2/4
f 1767/2/4 1760/2/4 1768/2/4
f 1761/1/4 1762/1/4 1769/1/4
f 1762/2/4 1763/2/4 1770/2/4
f 1769/1/4 1762/1/4 1770/1/4
f 1763/1/4 1764/1/4 1771/1/4
f 1770/2/4 1763/2/4 1771/2/4
f 1764/2/4 1765/2/4 1772/2/4
f 1771/1/4 1764/1/4 1772/1/4
f 1772/2/4 1765/2/4 1773/2/4
f 1773/2/4 1765/2/4 1774/2/4
f 1765/1/4 1766/1/4 1775/1/4
f 1774/2/4 1765/2/4 1775/2/4
f 1766/2/4 1767/2/4 1776/2/4
f 1775/1/4 1766/1/4 1776/1/4
f 1767/1/4 1768/1/4 1777/1/4
f 1776/2/4 1767/2/4 1777/2/4
f 1768/2/4 1752/2/4 1778/2/4
f 1777/1/4 1768/1/4 1778/1/4
f 1752/2/4 1741/2/4 1779/2/4
f 1778/2/4 1752/2/4 1779/2/4
f 1770/2/4 1771/2/4 1780/2/4
f 1769/2/4 1770/2/4 1780/2/4
f 1771/2/4 1772/2/4 1780/2/4
f 1772/1/4 1773/1/4 1780/1/4
f 1773/2/4 1774/2/4 1781/2/4
f 1780/1/4 1773/1/4 1781/1/4
f 1774/1/4 1775/1/4 1782/1/4
f 1781/2/4 1774/2/4 1782/2/4
f 1776/2/4 1777/2/4 1783/2/4
f 1782/1/4 1775/1/4 1783/1/4
f 1777/2/4 1778/2/4 1783/2/4
f 1775/2/4 1776/2/4 1783/2/4
f 1778/1/4 1779/1/4 1784/1/4
f 1783/2/4 1778/2/4 1784/2/4
f 1779/2/4 1741/2/4 1785/2/4
f 1784/1/4 1779/1/4 1785/1/4
f 1785/2/4 1741/2/4 1786/2/4
f 1780/2/4 1781/2/4 1787/2/4
f 1769/2/4 1780/2/4 1787/2/4
f 1781/1/4 1782/1/4 1788/1/4
f 1787/2/4 1781/2/4 1788/2/4
f 1783/2/4 1784/2/4 1789/2/4
f 1788/1/4 1782/1/4 1789/1/4
f 1782/2/4 1783/2/4 1789/2/4
f 1784/2/4 1785/2/4 1789/2/4
f 1789/2/4 1785/2/4 1790/2/4
f 1790/2/4 1785/2/4 1791/2/4
f 1785/1/4 1786/1/4 1792/1/4
f 1791/2/4 1785/2/4 1792/2/4
f 1792/1/4 1786/1/4 1793/1/4
f 1769/2/4 1787/2/4 1794/2/4
f 1794/2/4 1787/2/4 1795/2/4
f 1795/2/4 1787/2/4 1796/2/4
f 1787/1/4 1788/1/4 1797/1/4
f 1796/2/4 1787/2/4 1797/2/4
f 1788/2/4 1789/2/4 1798/2/4
f 1797/1/4 1788/1/4 1798/1/4
f 1789/1/4 1790/1/4 1799/1/4
f 1798/2/4 1789/2/4 1799/2/4
f 1790/2/4 1791/2/4 1800/2/4
f 1799/1/4 1790/1/4 1800/1/4
f 1800/2/4 1791/2/4 1801/2/4
f 1801/2/4 1791/2/4 1802/2/4
f 1791/1/4 1792/1/4 1803/1/4
f 1802/2/4 1791/2/4 1803/2/4
f 1792/2/4 1793/2/4 1804/2/4
f 1803/1/4 1792/1/4 1804/1/4
f 1794/1/4 1795/1/4 1805/1/4
f 1795/2/4 1796/2/4 1806/2/4
f 1805/1/4 1795/1/4 1806/1/4
f 1796/1/4 1797/1/4 1807/1/4
f 1806/2/4 1796/2/4 1807/2/4
f 1798/2/4 1799/2/4 1808/2/4
f 1807/1/4 1797/1/4 1808/1/4
f 1797/2/4 1798/2/4 1808/2/4
f 1799/2/4 1800/2/4 1808/2/4
f 1800/1/4 1801/1/4 1809/1/4
f 1808/2/4 1800/2/4 1809/2/4
f 1801/2/4 1802/2/4 1810/2/4
f 1809/1/4 1801/1/4 1810/1/4
f 1802/1/4 1803/1/4 1811/1/4
f 1810/2/4 1802/2/4 1811/2/4
f 1803/2/4 1804/2/4 1812/2/4
f 1811/1/4 1803/1/4 1812/1/4
f 1805/2/4 1806/2/4 1813/2/4
f 1806/1/4 1807/1/4 1814/1/4
f 1813/2/4 1806/2/4 1814/2/4
f 1808/2/4 1809/2/4 1815/2/4
f 1814/1/4 1807/1/4 1815/1/4
f 1809/2/4 1810/2/4 1815/2/4
f 1807/2/4 1808/2/4 1815/2/4
f 1815/2/4 1810/2/4 1816/2/4
f 1816/2/4 1810/2/4 1817/2/4
f 1810/1/4 1811/1/4 1818/1/4
f 1817/2/4 1810/2/4 1818/2/4
f 1811/2/4 1812/2/4 1819/2/4
f 1818/1/4 1811/1/4 1819/1/4
f 1812/2/4 1804/2/4 1820/2/4
f 1819/2/4 1812/2/4 1820/2/4
f 1813/1/4 1814/1/4 1821/1/4
f 1814/2/4 1815/2/4 1822/2/4
f 1821/1/4 1814/1/4 1822/1/4
f 1815/1/4 1816/1/4 1823/1/4
f 1822/2/4 1815/2/4 1823/2/4
f 1816/2/4 1817/2/4 1824/2/4
f 1823/1/4 1816/1/4 1824/1/4
f 1824/2/4 1817/2/4 1825/2/4
f 1825/2/4 1817/2/4 1826/2/4
f 1817/1/4 1818/1/4 1827/1/4
f 1826/2/4 1817/2/4 1827/2/4
f 1818/2/4 1819/2/4 1828/2/4
f 1827/1/4 1818/1/4 1828/1/4
f 1819/1/4 1820/1/4 1829/1/4
f 1828/2/4 1819/2/4 1829/2/4
f 1820/2/4 1804/2/4 1830/2/4
f 1829/1/4 1820/1/4 1830/1/4
f 1804/2/4 1793/2/4 1831/2/4
f 1830/2/4 1804/2/4 1831/2/4
f 1831/2/4 1793/2/4 1832/2/4
f 1822/2/4 1823/2/4 1833/2/4
f 1821/2/4 1822/2/4 1833/2/4
f 1823/2/4 1824/2/4 1833/2/4
f 1824/1/4 1825/1/4 1834/1/4
f 1833/2/4 1824/2/4 1834/2/4
f 1825/2/4 1826/2/4 1835/2/4
f 1834/1/4 1825/1/4 1835/1/4
f 1826/1/4 1827/1/4 1836/1/4
f 1835/2/4 1826/2/4 1836/2/4
f 1828/2/4 1829/2/4 1837/2/4
f 1836/1/4 1827/1/4 1837/1/4
f 1829/2/4 1830/2/4 1837/2/4
f 1827/2/4 1828/2/4 1837/2/4
f 1830/1/4 1831/1/4 1838/1/4
f 1837/2/4 1830/2/4 1838/2/4
f 1838/1/4 1831/1/4 1839/1/4
f 1844/3/5 1841/3/5 1840/3/5
f 1845/3/5 1841/3/5 1844/3/5
f 1846/3/5 1843/3/5 1842/3/5
f 1847/3/5 1843/3/5 1846/3/5
f 1852/4/5 1849/4/5 1848/4/5
f 1853/4/5 1849/4/5 1852/4/5
f 1854/4/5 1851/4/5 1850/4/5
f 1855/4/5 1851/4/5 1854/4/5
f 1859/4/5 1857/4/5 1856/4/5
f 1860/4/5 1857/4/5 1859/4/5
f 1862/4/5 1859/4/5 1858/4/5
f 1862/4/5 1861/4/5 1860/4/5
f 1862/4/5 1860/4/5 1859/4/5
f 1863/4/5 1861/4/5 1862/4/5
f 1864/4/5 1861/4/5 1863/4/5
f 1865/4/5 1861/4/5 1864/4/5
f 1866/4/5 1861/4/5 1865/4/5
f 1867/4/5 1861/4/5 1866/4/5
f 1868/4/5 1863/4/5 1862/4/5
f 1869/4/5 1863/4/5 1868/4/5
f 1870/4/5 1865/4/5 1864/4/5
f 1871/4/5 1865/4/5 1870/4/5
f 1872/4/5 1867/4/5 1866/4/5
f 1873/4/5 1867/4/5 1872/4/5
f 1874/4/5 1871/4/5 1870/4/5
f 1874/4/5 1869/4/5 1868/4/5
f 1874/4/5 1873/4/5 1872/4/5
f 1874/4/5 1872/4/5 1871/4/5
f 1874/4/5 1870/4/5 1869/4/5
f 1875/4/5 1873/4/5 1874/4/5
f 1876/4/5 1873/4/5 1875/4/5
f 1877/4/5 1873/4/5 1876/4/5
f 1878/4/5 1876/4/5 1875/4/5
f 1879/4/5 1876/4/5 1878/4/5
f 1885/2/5 1881/2/5 1880/2/5
f 1886/2/5 1881/2/5 1885/2/5
f 1887/2/5 1883/2/5 1882/2/5
f 1888/2/5 1883/2/5 1887/2/5
f 1890/2/5 1885/2/5 1884/2/5
f 1891/2/5 1885/2/5 1890/2/5
f 1894/2/5 1889/2/5 1888/2/5
f 1895/2/5 1889/2/5 1894/2/5
f 1896/2/5 1892/2/5 1891/2/5
f 1897/2/5 1892/2/5 1896/2/5
f 1898/2/5 1894/2/5 1893/2/5
f 1899/2/5 1894/2/5 1898/2/5
f 1902/4/5 1901/4/5 1900/4/5
f 1903/4/5 1901/4/5 1902/4/5
f 1904/4/5 1902/4/5 1900/4/5
f 1905/4/5 1902/4/5 1904/4/5
f 1906/4/5 1901/4/5 1903/4/5
f 1907/4/5 1901/4/5 1906/4/5
f 1908/4/5 1905/4/5 1904/4/5
f 1909/4/5 1907/4/5 1906/4/5
f 1910/4/5 1909/4/5 1906/4/5
f 1911/4/5 1909/4/5 1910/4/5
f 1912/4/5 1905/4/5 1908/4/5
f 1915/4/5 1905/4/5 1912/4/5
f 1916/4/5 1914/4/5 1913/4/5
f 1917/4/5 1905/4/5 1915/4/5
f 1918/4/5 1916/4/5 1913/4/5
f 1919/4/5 1917/4/5 1915/4/5
f 1919/4/5 1918/4/5 1917/4/5
f 1920/4/5 1916/4/5 1918/4/5
f 1920/4/5 1918/4/5 1919/4/5
f 1923/4/5 1922/4/5 1921/4/5
f 1924/4/5 1922/4/5 1923/4/5
f 1925/4/5 1923/4/5 1921/4/5
f 1926/4/5 1922/4/5 1924/4/5
f 1927/4/5 1923/4/5 1925/4/5
f 1928/4/5 1926/4/5 1924/4/5
f 1929/4/5 1923/4/5 1927/4/5
f 1930/4/5 1928/4/5 1924/4/5
f 1931/4/5 1929/4/5 1927/4/5
f 1931/4/5 1930/4/5 1929/4/5
f 1932/4/5 1928/4/5 1930/4/5
f 1932/4/5 1930/4/5 1931/4/5
f 1943/2/5 1934/2/5 1933/2/5
f 1944/1/5 1935/1/5 1934/1/5
f 1944/2/5 1934/2/5 1943/2/5
f 1945/2/5 1936/2/5 1935/2/5
f 1945/1/5 1935/1/5 1944/1/5
f 1946/1/5 1937/1/5 1936/1/5
f 1946/2/5 1936/2/5 1945/2/5
f 1947/2/5 1938/2/5 1937/2/5
f 1947/1/5 1937/1/5 1946/1/5
f 1948/1/5 1939/1/5 1938/1/5
f 1948/2/5 1938/2/5 1947/2/5
f 1949/2/5 1940/2/5 1939/2/5
f 1949/1/5 1939/1/5 1948/1/5
f 1950/1/5 1941/1/5 1940/1/5
f 1950/2/5 1940/2/5 1949/2/5
f 1951/2/5 1942/2/5 1941/2/5
f 1951/1/5 1941/1/5 1950/1/5
f 1952/2/5 1942/2/5 1951/2/5
f 1953/2/5 1942/2/5 1952/2/5
f 1954/1/5 1944/1/5 1943/1/5
f 1955/1/5 1944/1/5 1954/1/5
f 1956/1/5 1953/1/5 1952/1/5
f 1957/1/5 1953/1/5 1956/1/5
f 1958/2/5 1955/2/5 1954/2/5
f 1959/2/5 1955/2/5 1958/2/5
f 1960/1/5 1959/1/5 1958/1/5
f 1961/1/5 1959/1/5 1960/1/5
f 1962/2/5 1957/2/5 1956/2/5
f 1963/2/5 1957/2/5 1962/2/5
f 1968/1/5 1965/1/5 1964/1/5
f 1969/1/5 1965/1/5 1968/1/5
f 1970/1/5 1967/1/5 1966/1/5
f 1971/1/5 1967/1/5 1970/1/5
f 1972/2/5 1969/2/5 1968/2/5
f 1973/2/5 1969/2/5 1972/2/5
f 1974/1/5 1973/1/5 1972/1/5
f 1975/1/5 1973/1/5 1974/1/5
f 1983/2/5 1971/2/5 1970/2/5
f 1984/2/5 1975/2/5 1974/2/5
f 1984/2/5 1976/2/5 1975/2/5
f 1985/1/5 1977/1/5 1976/1/5
f 1985/2/5 1976/2/5 1984/2/5
f 1986/2/5 1978/2/5 1977/2/5
f 1986/1/5 1977/1/5 1985/1/5
f 1987/1/5 1979/1/5 1978/1/5
f 1987/2/5 1978/2/5 1986/2/5
f 1988/2/5 1980/2/5 1979/2/5
f 1988/1/5 1979/1/5 1987/1/5
f 1989/1/5 1981/1/5 1980/1/5
f 1989/2/5 1980/2/5 1988/2/5
f 1990/2/5 1982/2/5 1981/2/5
f 1990/1/5 1981/1/5 1989/1/5
f 1991/1/5 1983/1/5 1982/1/5
f 1991/2/5 1982/2/5 1990/2/5
f 1992/2/5 1971/2/5 1983/2/5
f 1992/1/5 1983/1/5 1991/1/5
f 1993/2/5 1971/2/5 1992/2/5
f 1998/2/5 1995/2/5 1994/2/5
f 1999/2/5 1995/2/5 1998/2/5
f 2000/2/5 1997/2/5 1996/2/5
f 2001/2/5 1997/2/5 2000/2/5
f 2002/2/5 1999/2/5 1998/2/5
f 2003/2/5 1999/2/5 2002/2/5
f 2008/2/5 2005/2/5 2004/2/5
f 2009/2/5 2005/2/5 2008/2/5
f 2010/2/5 2007/2/5 2006/2/5
f 2011/2/5 2007/2/5 2010/2/5
f 2016/2/5 2013/2/5 2012/2/5
f 2017/2/5 2013/2/5 2016/2/5
f 2018/2/5 2015/2/5 2014/2/5
f 2019/2/5 2015/2/5 2018/2/5
f 2024/2/5 2021/2/5 2020/2/5
f 2025/2/5 2021/2/5 2024/2/5
f 2026/2/5 2023/2/5 2022/2/5
f 2027/2/5 2023/2/5 2026/2/5
f 2030/2/5 2029/2/5 2028/2/5
f 2032/2/5 2031/2/5 2030/2/5
f 2034/2/5 2030/2/5 2028/2/5
f 2034/2/5 2033/2/5 2032/2/5
f 2034/2/5 2032/2/5 2030/2/5
f 2035/2/5 2033/2/5 2034/2/5
f 2036/2/5 2033/2/5 2035/2/5
f 2037/2/5 2035/2/5 2034/2/5
f 2038/2/5 2033/2/5 2036/2/5
f 2039/2/5 2033/2/5 2038/2/5
f 2040/2/5 2035/2/5 2037/2/5
f 2041/2/5 2035/2/5 2040/2/5
f 2042/2/5 2035/2/5 2041/2/5
f 2049/2/5 2044/2/5 2043/2/5
f 2050/1/5 2045/1/5 2044/1/5
f 2050/2/5 2044/2/5 2049/2/5
f 2051/2/5 2046/2/5 2045/2/5
f 2051/1/5 2045/1/5 2050/1/5
f 2052/1/5 2047/1/5 2046/1/5
f 2052/2/5 2046/2/5 2051/2/5
f 2053/2/5 2048/2/5 2047/2/5
f 2053/1/5 2047/1/5 2052/1/5
f 2054/2/5 2048/2/5 2053/2/5
f 2057/2/5 2055/2/5 2054/2/5
f 2058/2/5 2055/2/5 2057/2/5
f 2059/2/5 2057/2/5 2056/2/5
f 2059/2/5 2058/2/5 2057/2/5
f 2060/2/5 2059/2/5 2056/2/5
f 2061/2/5 2059/2/5 2060/2/5
f 2062/2/5 2059/2/5 2061/2/5
f 2063/2/5 2062/2/5 2061/2/5
f 2064/2/5 2062/2/5 2063/2/5
f 2065/2/5 2062/2/5 2064/2/5
f 2066/2/5 2065/2/5 2064/2/5
f 2067/2/5 2065/2/5 2066/2/5
f 2070/2/5 2069/2/5 2068/2/5
f 2071/2/5 2065/2/5 2067/2/5
f 2072/2/5 2065/2/5 2071/2/5
f 2073/2/5 2071/2/5 2070/2/5
f 2073/2/5 2072/2/5 2071/2/5
f 2074/2/5 2070/2/5 2068/2/5
f 2074/2/5 2073/2/5 2070/2/5
f 2075/2/5 2073/2/5 2074/2/5
f 2076/2/5 2073/2/5 2075/2/5
f 2077/2/5 2073/2/5 2076/2/5
f 2078/2/5 2073/2/5 2077/2/5
f 2079/2/5 2073/2/5 2078/2/5
f 2080/2/5 2073/2/5 2079/2/5
f 2084/3/5 2082/3/5 2081/3/5
f 2084/3/5 2083/3/5 2082/3/5
f 2085/3/5 2083/3/5 2084/3/5
f 2086/3/5 2083/3/5 2085/3/5
f 2091/3/5 2088/3/5 2087/3/5
f 2092/3/5 2088/3/5 2091/3/5
f 2093/3/5 2090/3/5 2089/3/5
f 2094/3/5 2090/3/5 2093/3/5
f 2099/3/5 2096/3/5 2095/3/5
f 2100/3/5 2096/3/5 2099/3/5
f 2101/3/5 2098/3/5 2097/3/5
f 2102/3/5 2098/3/5 2101/3/5
f 2105/3/5 2104/3/5 2103/3/5
f 2106/3/5 2104/3/5 2105/3/5
f 2111/3/5 2108/3/5 2107/3/5
f 2112/3/5 2108/3/5 2111/3/5
f 2113/3/5 2110/3/5 2109/3/5
f 2114/3/5 2110/3/5 2113/3/5
f 2117/3/5 2116/3/5 2115/3/5
f 2118/3/5 2116/3/5 2117/3/5
f 2123/3/5 2120/3/5 2119/3/5
f 2124/3/5 2120/3/5 2123/3/5
f 2127/3/5 2122/3/5 2121/3/5
f 2128/3/5 2122/3/5 2127/3/5
f 2129/3/5 2125/3/5 2124/3/5
f 2130/3/5 2125/3/5 2129/3/5
f 2131/3/5 2127/3/5 2126/3/5
f 2132/3/5 2127/3/5 2131/3/5
f 2138/3/5 2134/3/5 2133/3/5
f 2139/3/5 2134/3/5 2138/3/5
f 2140/3/5 2136/3/5 2135/3/5
f 2141/3/5 2136/3/5 2140/3/5
f 2143/3/5 2138/3/5 2137/3/5
f 2144/3/5 2138/3/5 2143/3/5
f 2145/3/5 2142/3/5 2141/3/5
f 2146/3/5 2142/3/5 2145/3/5
f 2152/3/5 2148/3/5 2147/3/5
f 2153/3/5 2148/3/5 2152/3/5
f 2154/3/5 2150/3/5 2149/3/5
f 2155/3/5 2150/3/5 2154/3/5
f 2157/3/5 2152/3/5 2151/3/5
f 2158/3/5 2148/3/5 2153/3/5
f 2159/3/5 2148/3/5 2158/3/5
f 2160/3/5 2154/3/5 2149/3/5
f 2161/3/5 2154/3/5 2160/3/5
f 2162/3/5 2156/3/5 2155/3/5
f 2163/3/5 2157/3/5 2151/3/5
f 2163/3/5 2158/3/5 2157/3/5
f 2164/3/5 2158/3/5 2163/3/5
f 2165/3/5 2162/3/5 2161/3/5
f 2166/3/5 2156/3/5 2162/3/5
f 2166/3/5 2162/3/5 2165/3/5
f 2171/3/5 2168/3/5 2167/3/5
f 2172/3/5 2168/3/5 2171/3/5
f 2175/3/5 2170/3/5 2169/3/5
f 2176/3/5 2170/3/5 2175/3/5
f 2177/3/5 2171/3/5 2167/3/5
f 2178/3/5 2171/3/5 2177/3/5
f 2179/3/5 2173/3/5 2172/3/5
f 2180/3/5 2175/3/5 2174/3/5
f 2181/3/5 2170/3/5 2176/3/5
f 2182/3/5 2170/3/5 2181/3/5
f 2183/3/5 2179/3/5 2178/3/5
f 2184/3/5 2173/3/5 2179/3/5
f 2184/3/5 2179/3/5 2183/3/5
f 2185/3/5 2180/3/5 2174/3/5
f 2185/3/5 2181/3/5 2180/3/5
f 2186/3/5 2181/3/5 2185/3/5
f 2187/4/6 2188/4/6 2190/4/6
f 2190/4/6 2188/4/6 2191/4/6
f 2189/4/6 2190/4/6 2193/4/6
f 2193/4/6 2190/4/6 2194/4/6
f 2191/4/6 2192/4/6 2195/4/6
f 2195/4/6 2192/4/6 2196/4/6
f 2193/4/6 2194/4/6 2197/4/6
f 2195/4/6 2196/4/6 2198/4/6
f 2195/4/6 2198/4/6 2199/4/6
f 2199/4/6 2198/4/6 2200/4/6
f 2197/4/6 2194/4/6 2201/4/6
f 2201/4/6 2194/4/6 2204/4/6
f 2202/4/6 2203/4/6 2205/4/6
f 2204/4/6 2194/4/6 2206/4/6
f 2206/4/6 2194/4/6 2207/4/6
f 2202/4/6 2205/4/6 2208/4/6
f 2208/4/6 2205/4/6 2209/4/6
f 2207/4/6 2208/4/6 2210/4/6
f 2210/4/6 2208/4/6 2211/4/6
f 2212/2/6 2213/2/6 2217/2/6
f 2217/2/6 2213/2/6 2218/2/6
f 2214/2/6 2215/2/6 2219/2/6
f 2219/2/6 2215/2/6 2220/2/6
f 2216/2/6 2217/2/6 2222/2/6
f 2222/2/6 2217/2/6 2223/2/6
f 2220/2/6 2221/2/6 2226/2/6
f 2226/2/6 2221/2/6 2227/2/6
f 2223/2/6 2224/2/6 2228/2/6
f 2228/2/6 2224/2/6 2229/2/6
f 2225/2/6 2226/2/6 2230/2/6
f 2230/2/6 2226/2/6 2231/2/6
f 2232/4/6 2233/4/6 2234/4/6
f 2234/4/6 2233/4/6 2235/4/6
f 2232/4/6 2234/4/6 2236/4/6
f 2235/4/6 2233/4/6 2237/4/6
f 2236/4/6 2234/4/6 2238/4/6
f 2235/4/6 2237/4/6 2239/4/6
f 2238/4/6 2234/4/6 2240/4/6
f 2235/4/6 2239/4/6 2241/4/6
f 2238/4/6 2240/4/6 2242/4/6
f 2240/4/6 2241/4/6 2242/4/6
f 2241/4/6 2239/4/6 2243/4/6
f 2242/4/6 2241/4/6 2243/4/6
f 2246/4/6 2247/4/6 2248/4/6
f 2248/4/6 2247/4/6 2249/4/6
f 2244/4/6 2245/4/6 2250/4/6
f 2250/4/6 2245/4/6 2251/4/6
f 2249/4/6 2247/4/6 2252/4/6
f 2252/4/6 2247/4/6 2253/4/6
f 2256/4/6 2257/4/6 2258/4/6
f 2258/4/6 2257/4/6 2259/4/6
f 2258/2/6 2259/2/6 2260/2/6
f 2260/2/6 2259/2/6 2261/2/6
f 2254/4/6 2255/4/6 2262/4/6
f 2262/4/6 2255/4/6 2263/4/6
f 2260/4/6 2261/4/6 2264/4/6
f 2264/4/6 2261/4/6 2265/4/6
f 2266/1/6 2267/1/6 2271/1/6
f 2267/2/6 2268/2/6 2272/2/6
f 2271/1/6 2267/1/6 2272/1/6
f 2268/1/6 2269/1/6 2273/1/6
f 2272/2/6 2268/2/6 2273/2/6
f 2269/2/6 2270/2/6 2274/2/6
f 2273/1/6 2269/1/6 2274/1/6
f 2274/2/6 2270/2/6 2275/2/6
f 2276/2/6 2277/2/6 2280/2/6
f 2280/2/6 2277/2/6 2281/2/6
f 2278/2/6 2279/2/6 2282/2/6
f 2280/2/6 2281/2/6 2283/2/6
f 2281/2/6 2282/2/6 2283/2/6
f 2282/2/6 2279/2/6 2284/2/6
f 2283/2/6 2282/2/6 2284/2/6
f 2283/2/6 2284/2/6 2285/2/6
f 2283/2/6 2285/2/6 2286/2/6
f 2286/2/6 2285/2/6 2287/2/6
f 2286/2/6 2287/2/6 2288/2/6
f 2288/2/6 2287/2/6 2289/2/6
f 2288/2/6 2289/2/6 2290/2/6
f 2290/2/6 2289/2/6 2291/2/6
f 2291/2/6 2289/2/6 2292/2/6
f 2292/2/6 2289/2/6 2293/2/6
f 2293/2/6 2289/2/6 2294/2/6
f 2294/2/6 2289/2/6 2295/2/6
f 2295/2/6 2289/2/6 2296/2/6
f 2296/2/6 2289/2/6 2297/2/6
f 2297/2/6 2289/2/6 2298/2/6
f 2298/2/6 2289/2/6 2299/2/6
f 2300/1/6 2301/1/6 2304/1/6
f 2304/1/6 2301/1/6 2305/1/6
f 2302/2/6 2303/2/6 2306/2/6
f 2306/2/6 2303/2/6 2307/2/6
f 2308/2/6 2309/2/6 2310/2/6
f 2310/2/6 2309/2/6 2311/2/6
f 2312/2/6 2313/2/6 2316/2/6
f 2314/2/6 2315/2/6 2317/2/6
f 2317/2/6 2315/2/6 2318/2/6
f 2312/2/6 2316/2/6 2319/2/6
f 2319/2/6 2316/2/6 2320/2/6
f 2321/2/6 2322/2/6 2325/2/6
f 2325/2/6 2322/2/6 2326/2/6
f 2323/2/6 2324/2/6 2327/2/6
f 2327/2/6 2324/2/6 2328/2/6
f 2329/2/6 2330/2/6 2333/2/6
f 2333/2/6 2330/2/6 2334/2/6
f 2331/2/6 2332/2/6 2335/2/6
f 2335/2/6 2332/2/6 2336/2/6
f 2337/5/6 2338/5/6 2339/5/6
f 2339/5/6 2338/5/6 2340/5/6
f 2341/1/6 2342/1/6 2345/1/6
f 2345/1/6 2342/1/6 2346/1/6
f 2343/2/6 2344/2/6 2347/2/6
f 2347/2/6 2344/2/6 2348/2/6
f 2349/1/6 2350/1/6 2353/1/6
f 2353/1/6 2350/1/6 2354/1/6
f 2351/1/6 2352/1/6 2355/1/6
f 2355/1/6 2352/1/6 2356/1/6
f 2357/1/6 2358/1/6 2365/1/6
f 2358/2/6 2359/2/6 2366/2/6
f 2365/1/6 2358/1/6 2366/1/6
f 2366/2/6 2359/2/6 2367/2/6
f 2367/2/6 2359/2/6 2368/2/6
f 2359/1/6 2360/1/6 2369/1/6
f 2368/2/6 2359/2/6 2369/2/6
f 2360/2/6 2361/2/6 2370/2/6
f 2369/1/6 2360/1/6 2370/1/6
f 2370/2/6 2361/2/6 2371/2/6
f 2371/2/6 2361/2/6 2372/2/6
f 2361/1/6 2362/1/6 2373/1/6
f 2372/2/6 2361/2/6 2373/2/6
f 2362/2/6 2363/2/6 2374/2/6
f 2373/1/6 2362/1/6 2374/1/6
f 2374/2/6 2363/2/6 2375/2/6
f 2375/2/6 2363/2/6 2376/2/6
f 2364/2/6 2365/2/6 2378/2/6
f 2365/2/6 2366/2/6 2378/2/6
f 2378/2/6 2366/2/6 2379/2/6
f 2376/2/6 2377/2/6 2380/2/6
f 2375/2/6 2376/2/6 2380/2/6
f 2380/2/6 2377/2/6 2381/2/6
f 2381/2/6 2377/2/6 2382/2/6
f 2382/2/6 2377/2/6 2383/2/6
f 2364/2/6 2378/2/6 2384/2/6
f 2382/1/6 2383/1/6 2385/1/6
f 2385/1/6 2383/1/6 2386/1/6
f 2364/2/6 2384/2/6 2387/2/6
f 2387/2/6 2384/2/6 2388/2/6
f 2385/2/6 2386/2/6 2389/2/6
f 2387/1/6 2388/1/6 2390/1/6
f 2390/1/6 2388/1/6 2391/1/6
f 2390/2/6 2391/2/6 2392/2/6
f 2389/2/6 2386/2/6 2393/2/6
f 2390/2/6 2392/2/6 2394/2/6
f 2393/2/6 2386/2/6 2397/2/6
f 2397/2/6 2386/2/6 2398/2/6
f 2394/2/6 2395/2/6 2399/2/6
f 2390/2/6 2394/2/6 2399/2/6
f 2399/2/6 2395/2/6 2400/2/6
f 2400/2/6 2395/2/6 2401/2/6
f 2396/2/6 2397/2/6 2406/2/6
f 2397/1/6 2398/1/6 2407/1/6
f 2406/2/6 2397/2/6 2407/2/6
f 2407/1/6 2398/1/6 2408/1/6
f 2400/1/6 2401/1/6 2409/1/6
f 2401/2/6 2402/2/6 2410/2/6
f 2409/1/6 2401/1/6 2410/1/6
f 2402/2/6 2403/2/6 2410/2/6
f 2403/2/6 2404/2/6 2410/2/6
f 2404/1/6 2405/1/6 2411/1/6
f 2410/2/6 2404/2/6 2411/2/6
f 2405/2/6 2406/2/6 2412/2/6
f 2411/1/6 2405/1/6 2412/1/6
f 2406/2/6 2407/2/6 2412/2/6
f 2412/2/6 2407/2/6 2413/2/6
f 2414/1/6 2415/1/6 2425/1/6
f 2415/2/6 2416/2/6 2426/2/6
f 2425/1/6 2415/1/6 2426/1/6
f 2416/1/6 2417/1/6 2427/1/6
f 2426/2/6 2416/2/6 2427/2/6
f 2417/2/6 2418/2/6 2428/2/6
f 2427/1/6 2417/1/6 2428/1/6
f 2418/1/6 2419/1/6 2429/1/6
f 2428/2/6 2418/2/6 2429/2/6
f 2419/2/6 2420/2/6 2430/2/6
f 2429/1/6 2419/1/6 2430/1/6
f 2420/1/6 2421/1/6 2431/1/6
f 2430/2/6 2420/2/6 2431/2/6
f 2421/2/6 2422/2/6 2432/2/6
f 2431/1/6 2421/1/6 2432/1/6
f 2422/1/6 2423/1/6 2433/1/6
f 2432/2/6 2422/2/6 2433/2/6
f 2433/1/6 2423/1/6 2434/1/6
f 2424/2/6 2425/2/6 2436/2/6
f 2425/2/6 2426/2/6 2436/2/6
f 2436/2/6 2426/2/6 2437/2/6
f 2433/2/6 2434/2/6 2438/2/6
f 2434/1/6 2435/1/6 2439/1/6
f 2438/2/6 2434/2/6 2439/2/6
f 2439/1/6 2435/1/6 2440/1/6
f 2424/2/6 2436/2/6 2441/2/6
f 2441/2/6 2436/2/6 2442/2/6
f 2439/2/6 2440/2/6 2443/2/6
f 2443/2/6 2440/2/6 2444/2/6
f 2441/1/6 2442/1/6 2445/1/6
f 2445/1/6 2442/1/6 2446/1/6
f 2443/1/6 2444/1/6 2450/1/6
f 2450/1/6 2444/1/6 2451/1/6
f 2445/2/6 2446/2/6 2452/2/6
f 2452/2/6 2446/2/6 2453/2/6
f 2448/2/6 2449/2/6 2454/2/6
f 2447/2/6 2448/2/6 2454/2/6
f 2454/2/6 2449/2/6 2455/2/6
f 2455/2/6 2449/2/6 2456/2/6
f 2450/2/6 2451/2/6 2457/2/6
f 2452/1/6 2453/1/6 2458/1/6
f 2458/1/6 2453/1/6 2459/1/6
f 2457/2/6 2451/2/6 2460/2/6
f 2458/2/6 2459/2/6 2461/2/6
f 2460/2/6 2451/2/6 2464/2/6
f 2464/2/6 2451/2/6 2465/2/6
f 2461/2/6 2462/2/6 2466/2/6
f 2458/2/6 2461/2/6 2466/2/6
f 2466/2/6 2462/2/6 2467/2/6
f 2467/2/6 2462/2/6 2468/2/6
f 2463/2/6 2464/2/6 2474/2/6
f 2464/1/6 2465/1/6 2475/1/6
f 2474/2/6 2464/2/6 2475/2/6
f 2475/1/6 2465/1/6 2476/1/6
f 2467/1/6 2468/1/6 2477/1/6
f 2468/2/6 2469/2/6 2478/2/6
f 2477/1/6 2468/1/6 2478/1/6
f 2469/2/6 2470/2/6 2478/2/6
f 2470/2/6 2471/2/6 2478/2/6
f 2471/1/6 2472/1/6 2479/1/6
f 2478/2/6 2471/2/6 2479/2/6
f 2473/2/6 2474/2/6 2480/2/6
f 2479/1/6 2472/1/6 2480/1/6
f 2472/2/6 2473/2/6 2480/2/6
f 2474/2/6 2475/2/6 2480/2/6
f 2480/2/6 2475/2/6 2481/2/6
f 2482/1/6 2483/1/6 2488/1/6
f 2483/2/6 2484/2/6 2489/2/6
f 2488/1/6 2483/1/6 2489/1/6
f 2489/2/6 2484/2/6 2490/2/6
f 2490/2/6 2484/2/6 2491/2/6
f 2484/1/6 2485/1/6 2492/1/6
f 2491/2/6 2484/2/6 2492/2/6
f 2485/2/6 2486/2/6 2493/2/6
f 2492/1/6 2485/1/6 2493/1/6
f 2493/2/6 2486/2/6 2494/2/6
f 2494/2/6 2486/2/6 2495/2/6
f 2487/1/6 2488/1/6 2497/1/6
f 2488/2/6 2489/2/6 2498/2/6
f 2497/1/6 2488/1/6 2498/1/6
f 2489/1/6 2490/1/6 2499/1/6
f 2498/2/6 2489/2/6 2499/2/6
f 2490/2/6 2491/2/6 2500/2/6
f 2499/1/6 2490/1/6 2500/1/6
f 2491/1/6 2492/1/6 2501/1/6
f 2500/2/6 2491/2/6 2501/2/6
f 2492/2/6 2493/2/6 2502/2/6
f 2501/1/6 2492/1/6 2502/1/6
f 2493/1/6 2494/1/6 2503/1/6
f 2502/2/6 2493/2/6 2503/2/6
f 2495/2/6 2496/2/6 2504/2/6
f 2503/1/6 2494/1/6 2504/1/6
f 2494/2/6 2495/2/6 2504/2/6
f 2504/2/6 2496/2/6 2505/2/6
f 2499/2/6 2500/2/6 2506/2/6
f 2498/2/6 2499/2/6 2506/2/6
f 2497/2/6 2498/2/6 2506/2/6
f 2500/1/6 2501/1/6 2506/1/6
f 2506/1/6 2501/1/6 2507/1/6
f 2502/2/6 2503/2/6 2508/2/6
f 2503/2/6 2504/2/6 2508/2/6
f 2508/2/6 2504/2/6 2509/2/6
f 2504/1/6 2505/1/6 2510/1/6
f 2509/2/6 2504/2/6 2510/2/6
f 2505/2/6 2496/2/6 2511/2/6
f 2510/1/6 2505/1/6 2511/1/6
f 2511/2/6 2496/2/6 2512/2/6
f 2497/2/6 2506/2/6 2513/2/6
f 2509/2/6 2510/2/6 2516/2/6
f 2510/2/6 2511/2/6 2516/2/6
f 2516/2/6 2511/2/6 2517/2/6
f 2511/1/6 2512/1/6 2518/1/6
f 2517/2/6 2511/2/6 2518/2/6
f 2518/1/6 2512/1/6 2519/1/6
f 2497/2/6 2513/2/6 2520/2/6
f 2520/2/6 2513/2/6 2521/2/6
f 2521/2/6 2513/2/6 2522/2/6
f 2513/1/6 2514/1/6 2523/1/6
f 2522/2/6 2513/2/6 2523/2/6
f 2523/1/6 2514/1/6 2524/1/6
f 2516/2/6 2517/2/6 2525/2/6
f 2515/2/6 2516/2/6 2525/2/6
f 2525/2/6 2517/2/6 2526/2/6
f 2517/1/6 2518/1/6 2527/1/6
f 2526/2/6 2517/2/6 2527/2/6
f 2518/2/6 2519/2/6 2528/2/6
f 2527/1/6 2518/1/6 2528/1/6
f 2528/2/6 2519/2/6 2529/2/6
f 2520/1/6 2521/1/6 2530/1/6
f 2521/2/6 2522/2/6 2531/2/6
f 2530/1/6 2521/1/6 2531/1/6
f 2522/1/6 2523/1/6 2532/1/6
f 2531/2/6 2522/2/6 2532/2/6
f 2523/2/6 2524/2/6 2533/2/6
f 2532/1/6 2523/1/6 2533/1/6
f 2525/2/6 2526/2/6 2533/2/6
f 2524/2/6 2525/2/6 2533/2/6
f 2533/2/6 2526/2/6 2534/2/6
f 2534/2/6 2526/2/6 2535/2/6
f 2526/1/6 2527/1/6 2536/1/6
f 2535/2/6 2526/2/6 2536/2/6
f 2527/2/6 2528/2/6 2537/2/6
f 2536/1/6 2527/1/6 2537/1/6
f 2528/1/6 2529/1/6 2538/1/6
f 2537/2/6 2528/2/6 2538/2/6
f 2538/1/6 2529/1/6 2539/1/6
f 2531/1/6 2532/1/6 2540/1/6
f 2532/2/6 2533/2/6 2541/2/6
f 2540/1/6 2532/1/6 2541/1/6
f 2533/1/6 2534/1/6 2542/1/6
f 2541/2/6 2533/2/6 2542/2/6
f 2534/2/6 2535/2/6 2543/2/6
f 2542/1/6 2534/1/6 2543/1/6
f 2535/1/6 2536/1/6 2544/1/6
f 2543/2/6 2535/2/6 2544/2/6
f 2537/2/6 2538/2/6 2545/2/6
f 2544/1/6 2536/1/6 2545/1/6
f 2536/2/6 2537/2/6 2545/2/6
f 2545/2/6 2538/2/6 2546/2/6
f 2547/3/6 2548/3/6 2551/3/6
f 2551/3/6 2548/3/6 2552/3/6
f 2549/3/6 2550/3/6 2553/3/6
f 2553/3/6 2550/3/6 2554/3/6
f 2555/3/6 2556/3/6 2559/3/6
f 2559/3/6 2556/3/6 2560/3/6
f 2557/3/6 2558/3/6 2561/3/6
f 2561/3/6 2558/3/6 2562/3/6
f 2563/3/6 2564/3/6 2565/3/6
f 2565/3/6 2564/3/6 2566/3/6
f 2565/3/6 2566/3/6 2569/3/6
f 2569/3/6 2566/3/6 2570/3/6
f 2567/3/6 2568/3/6 2573/3/6
f 2568/3/6 2569/3/6 2573/3/6
f 2573/3/6 2569/3/6 2574/3/6
f 2574/3/6 2569/3/6 2575/3/6
f 2571/3/6 2572/3/6 2576/3/6
f 2570/3/6 2571/3/6 2576/3/6
f 2576/3/6 2572/3/6 2577/3/6
f 2577/3/6 2572/3/6 2578/3/6
f 2575/3/6 2576/3/6 2579/3/6
f 2579/3/6 2576/3/6 2580/3/6
f 2579/3/6 2580/3/6 2581/3/6
f 2581/3/6 2580/3/6 2582/3/6
f 2583/3/6 2584/3/6 2587/3/6
f 2587/3/6 2584/3/6 2588/3/6
f 2585/3/6 2586/3/6 2589/3/6
f 2589/3/6 2586/3/6 2590/3/6
f 2591/3/6 2592/3/6 2593/3/6
f 2593/3/6 2592/3/6 2594/3/6
f 2594/3/6 2595/3/6 2598/3/6
f 2598/3/6 2595/3/6 2599/3/6
f 2596/3/6 2597/3/6 2601/3/6
f 2601/3/6 2597/3/6 2602/3/6
f 2599/3/6 2600/3/6 2603/3/6
f 2603/3/6 2600/3/6 2604/3/6
f 2605/3/6 2606/3/6 2610/3/6
f 2610/3/6 2606/3/6 2611/3/6
f 2607/3/6 2608/3/6 2612/3/6
f 2612/3/6 2608/3/6 2613/3/6
f 2609/3/6 2610/3/6 2615/3/6
f 2611/3/6 2606/3/6 2616/3/6
f 2607/3/6 2612/3/6 2617/3/6
f 2613/3/6 2614/3/6 2618/3/6
f 2609/3/6 2615/3/6 2619/3/6
f 2615/3/6 2616/3/6 2619/3/6
f 2616/3/6 2606/3/6 2620/3/6
f 2619/3/6 2616/3/6 2620/3/6
f 2617/3/6 2618/3/6 2621/3/6
f 2607/3/6 2617/3/6 2621/3/6
f 2618/3/6 2614/3/6 2622/3/6
f 2621/3/6 2618/3/6 2622/3/6
f 2623/3/6 2624/3/6 2627/3/6
f 2627/3/6 2624/3/6 2628/3/6
f 2625/3/6 2626/3/6 2630/3/6
f 2630/3/6 2626/3/6 2631/3/6
f 2623/3/6 2627/3/6 2632/3/6
f 2632/3/6 2627/3/6 2633/3/6
f 2628/3/6 2624/3/6 2634/3/6
f 2629/3/6 2630/3/6 2635/3/6
f 2631/3/6 2626/3/6 2636/3/6
f 2636/3/6 2626/3/6 2637/3/6
f 2633/3/6 2634/3/6 2638/3/6
f 2634/3/6 2624/3/6 2639/3/6
f 2638/3/6 2634/3/6 2639/3/6
f 2629/3/6 2635/3/6 2640/3/6
f 2635/3/6 2636/3/6 2640/3/6
f 2640/3/6 2636/3/6 2641/3/6
